,ligand,receptor,JS_adventitia_CD4act,JS_TLS_CD4act,delta,frac_pos_adventitia_CD4act,frac_pos_TLS_CD4act,mean_recep_adventitia_CD4act,mean_recep_TLS_CD4act,mean_lig,n_adventitia_CD4act,n_TLS_CD4act
0,Ccl20,Ccr6,0.7205762104741728,0.5935084198024685,0.12706779067170426,0.24060693641618497,0.4633333333333333,2.1239607334136963,4.185644626617432,0.11632438004016876,1384,1200
1,Cxcl13,Cxcr5,0.8013687653154434,0.7229364393600762,0.0784323259553672,0.10476878612716763,0.2875,0.9050302505493164,2.5333542823791504,0.5008298754692078,1384,1200
2,Il21,Il21r,0.757771308564211,0.7244256383578196,0.03334567020639145,0.20014450867052022,0.25666666666666665,1.7136269807815552,2.2082862854003906,0.057126712054014206,1384,1200
3,Cxcl13,Cxcr3,0.7548900398197885,0.7304071932262542,0.02448284659353428,0.18858381502890173,0.21416666666666667,1.6522655487060547,1.872229814529419,0.5008298754692078,1384,1200
4,Cd80,Cd274,0.8071617242423966,0.78612829391248,0.02103343032991667,0.11705202312138728,0.155,0.989098846912384,1.3190040588378906,0.3400360643863678,1384,1200
5,Lama1,Itga3,0.8403653331203774,0.8249316470521951,0.015433686068182295,0.125,0.15833333333333333,1.0616308450698853,1.3570177555084229,0.16024239361286163,1384,1200
6,Itgb2,Icam2,0.8137099095189763,0.8050678615732216,0.008642047945754627,0.11632947976878613,0.16916666666666666,0.985629141330719,1.4449788331985474,3.785571813583374,1384,1200
7,Lamc2,Itga3,0.8356530694365406,0.8270140010915977,0.00863906834494288,0.125,0.15833333333333333,1.0616308450698853,1.3570177555084229,2.041736364364624,1384,1200
8,Il21,Il2rg,0.6522292929011275,0.6456112293810875,0.006618063520040018,0.7861271676300579,0.7941666666666667,7.257000923156738,7.337060451507568,0.057126712054014206,1384,1200
9,Sell,Cd34,0.7677813620562983,0.7616509117720061,0.006130450284292266,0.2203757225433526,0.19333333333333333,1.8980921506881714,1.6941728591918945,0.9868013262748718,1384,1200
10,Madcam1,Itgb7,0.7548838490575395,0.7498290680386865,0.005054781018852927,0.6567919075144508,0.5558333333333333,5.963653564453125,4.942928791046143,0.015501964837312698,1384,1200
11,Cd70,Cd27,0.8316255969872257,0.830072043689148,0.0015535532980777145,0.31647398843930635,0.3225,2.7798638343811035,2.863602638244629,0.010414738208055496,1384,1200
12,Cxcl10,Cxcr3,0.7932138038054763,0.7953103985519904,-0.0020965947465140244,0.18858381502890173,0.21416666666666667,1.6522655487060547,1.872229814529419,0.2894594967365265,1384,1200
13,Lama3,Itga3,0.8331264516195119,0.8357608643673035,-0.002634412747791526,0.125,0.15833333333333333,1.0616308450698853,1.3570177555084229,1.4434186220169067,1384,1200
14,Cxcl9,Cxcr3,0.7671067789599849,0.7698166899671681,-0.0027099110071832078,0.18858381502890173,0.21416666666666667,1.6522655487060547,1.872229814529419,0.39779457449913025,1384,1200
15,Pdcd1lg2,Pdcd1,0.7506127823668279,0.7544721473003871,-0.003859364933559206,0.25216763005780346,0.3383333333333333,2.196676731109619,2.994497060775757,0.5769128203392029,1384,1200
16,Ccl19,Ccr7,0.7782026091350747,0.7823543864010478,-0.0041517772659731556,0.0968208092485549,0.12,0.8445489406585693,1.0386425256729126,0.42578524351119995,1384,1200
17,Il9,Il9r,0.8776540628827958,0.8837608988201066,-0.006106835937310762,0.1119942196531792,0.18666666666666668,0.9471421241760254,1.6140799522399902,0.008862395770847797,1384,1200
18,Lama1,Itga1,0.8238996120823577,0.830648904276663,-0.006749292194305312,0.14739884393063585,0.15666666666666668,1.2661675214767456,1.3544394969940186,0.16024239361286163,1384,1200
19,Madcam1,Itga4,0.7414600037643599,0.748476396440798,-0.007016392676438055,0.6604046242774566,0.6758333333333333,6.084496021270752,6.20207405090332,0.015501964837312698,1384,1200
20,Spp1,Itga9,0.8623378661272033,0.8694935042140446,-0.007155638086841276,0.10621387283236994,0.085,0.886751115322113,0.7144564986228943,2.048954963684082,1384,1200
21,Ifng,Ifngr2,0.7701184169931335,0.7779998819497957,-0.007881464956662199,0.2420520231213873,0.33,2.048863649368286,2.8376407623291016,0.0498739629983902,1384,1200
22,Col4a1,Itga3,0.813789860954062,0.821752587992808,-0.00796272703874601,0.125,0.15833333333333333,1.0616308450698853,1.3570177555084229,7.091513156890869,1384,1200
23,Cdh1,Cdh1,0.8283040262655317,0.8390763137310264,-0.010772287465494745,0.0953757225433526,0.13916666666666666,0.804151177406311,1.1853779554367065,3.2274091243743896,1384,1200
24,Fn1,Itga3,0.8037360782488174,0.8150107768453371,-0.011274698596519639,0.125,0.15833333333333333,1.0616308450698853,1.3570177555084229,5.665269374847412,1384,1200
25,Cd40lg,Itga5,0.7756574775117424,0.7872804067770004,-0.011622929265257986,0.11416184971098266,0.09,0.9649397730827332,0.7617132663726807,0.2085462510585785,1384,1200
26,Cd274,Pdcd1,0.7754958662167444,0.787559436995662,-0.01206357077891762,0.25216763005780346,0.3383333333333333,2.196676731109619,2.994497060775757,1.0848660469055176,1384,1200
27,Spp1,Itgb3,0.812781573233339,0.8279886604018944,-0.015207087168555455,0.25939306358381503,0.195,2.242915391921997,1.6854921579360962,2.048954963684082,1384,1200
28,Spp1,Itga5,0.8521859518778407,0.8690249975400576,-0.016839045662216834,0.11416184971098266,0.09,0.9649397730827332,0.7617132663726807,2.048954963684082,1384,1200
29,Lamc2,Itga1,0.8175347390510465,0.8361642556013488,-0.018629516550302316,0.14739884393063585,0.15666666666666668,1.2661675214767456,1.3544394969940186,2.041736364364624,1384,1200
30,Jam2,Itga3,0.806302375256145,0.8273039497380282,-0.021001574481883223,0.125,0.15833333333333333,1.0616308450698853,1.3570177555084229,2.008331060409546,1384,1200
31,Cd40lg,Itgb3,0.691745967397588,0.7132240975624008,-0.021478130164812814,0.25939306358381503,0.195,2.242915391921997,1.6854921579360962,0.2085462510585785,1384,1200
32,Lamc2,Itga9,0.8482637933607916,0.8697840725239656,-0.021520279163174005,0.10621387283236994,0.085,0.886751115322113,0.7144564986228943,2.041736364364624,1384,1200
33,Itgb2,Icam1,0.7360331710423015,0.7584595402153801,-0.02242636917307861,0.2622832369942196,0.2966666666666667,2.259542942047119,2.5714123249053955,3.785571813583374,1384,1200
34,Lama1,Itga6,0.8011221081950737,0.8239995386429289,-0.022877430447855174,0.21893063583815028,0.21833333333333332,1.875162959098816,1.8769882917404175,0.16024239361286163,1384,1200
35,Lamb1,Itga3,0.7995167357049628,0.8226673716065578,-0.02315063590159494,0.125,0.15833333333333333,1.0616308450698853,1.3570177555084229,1.9755010604858398,1384,1200
36,Icam1,Itgax,0.7962866894381591,0.8207549788503236,-0.0244682894121645,0.16835260115606937,0.195,1.4443682432174683,1.6973713636398315,4.34319543838501,1384,1200
37,Lama3,Itga1,0.8169495864762765,0.8421633475571996,-0.025213761080923103,0.14739884393063585,0.15666666666666668,1.2661675214767456,1.3544394969940186,1.4434186220169067,1384,1200
38,Col1a1,Itga3,0.775842845200006,0.8021040216985684,-0.02626117649856241,0.125,0.15833333333333333,1.0616308450698853,1.3570177555084229,3.2534241676330566,1384,1200
39,Cdh5,Cdh5,0.7853402425703568,0.8123071086811217,-0.02696686611076482,0.19869942196531792,0.2325,1.7362325191497803,2.0929646492004395,5.267895221710205,1384,1200
40,Lama1,Itga9,0.840459293290329,0.8679500720183264,-0.027490778727997434,0.10621387283236994,0.085,0.886751115322113,0.7144564986228943,0.16024239361286163,1384,1200
41,Lama3,Itga9,0.848614522935997,0.8765695791662299,-0.027955056230232866,0.10621387283236994,0.085,0.886751115322113,0.7144564986228943,1.4434186220169067,1384,1200
42,Il22,Il10rb,0.781546115211124,0.809596486882017,-0.02805037167089297,0.3475433526011561,0.3225,2.9798240661621094,2.7799270153045654,0.025666043162345886,1384,1200
43,Lamc2,Itga6,0.7968016718471259,0.8250047467419581,-0.028203074894832203,0.21893063583815028,0.21833333333333332,1.875162959098816,1.8769882917404175,2.041736364364624,1384,1200
44,Tnc,Itga9,0.8376439964880926,0.866361819672283,-0.02871782318419036,0.10621387283236994,0.085,0.886751115322113,0.7144564986228943,1.6642721891403198,1384,1200
45,Il25,Il17ra,0.814661040784329,0.8438490099216137,-0.02918796913728472,0.28901734104046245,0.2875,2.4770829677581787,2.4696121215820312,0.02267233282327652,1384,1200
46,Col4a1,Itga1,0.7958439675963228,0.8264343600703012,-0.030590392473978434,0.14739884393063585,0.15666666666666668,1.2661675214767456,1.3544394969940186,7.091513156890869,1384,1200
47,Spp1,Itgav,0.7669924815225886,0.7979081632014852,-0.030915681678896578,0.43786127167630057,0.4375,3.7998905181884766,3.8223869800567627,2.048954963684082,1384,1200
48,Calcb,Calcrl,0.7726410116036857,0.8036482872164712,-0.03100727561278549,0.36921965317919075,0.37833333333333335,3.3038880825042725,3.3974385261535645,0.02642304264008999,1384,1200
49,F11r,F11r,0.7843172869108879,0.816267505497018,-0.03195021858613012,0.15606936416184972,0.19083333333333333,1.3157379627227783,1.6313389539718628,4.302900314331055,1384,1200
50,Ccl3,Ccr5,0.7908121911055046,0.8237243077111909,-0.03291211660568627,0.2514450867052023,0.1325,2.1961896419525146,1.1479541063308716,0.26408442854881287,1384,1200
51,Jam3,F11r,0.7624930583259792,0.795922610670814,-0.0334295523448348,0.15606936416184972,0.19083333333333333,1.3157379627227783,1.6313389539718628,0.3635479509830475,1384,1200
52,Itgb2,Cd226,0.7329922712764088,0.7676683753992121,-0.03467610412280331,0.2940751445086705,0.31666666666666665,2.5543296337127686,2.7579407691955566,3.785571813583374,1384,1200
53,Dll3,Notch2,0.7845864532398005,0.8193250994268447,-0.03473864618704425,0.37283236994219654,0.37583333333333335,3.2169246673583984,3.2539942264556885,0.01645168475806713,1384,1200
54,Vtn,Itgb3,0.8077901735184747,0.8428800745901228,-0.03508990107164811,0.25939306358381503,0.195,2.242915391921997,1.6854921579360962,0.20507098734378815,1384,1200
55,Col4a1,Itga9,0.8285656083034164,0.8642983725911965,-0.03573276428778005,0.10621387283236994,0.085,0.886751115322113,0.7144564986228943,7.091513156890869,1384,1200
56,Lama1,Itgav,0.7601795255948144,0.7959945734843034,-0.03581504788948897,0.43786127167630057,0.4375,3.7998905181884766,3.8223869800567627,0.16024239361286163,1384,1200
57,Thy1,Itgax,0.7215153133060456,0.7579413172183707,-0.03642600391232509,0.16835260115606937,0.195,1.4443682432174683,1.6973713636398315,1.0864776372909546,1384,1200
58,Tnc,Itgb3,0.7813860808185464,0.8180164211144186,-0.0366303402958722,0.25939306358381503,0.195,2.242915391921997,1.6854921579360962,1.6642721891403198,1384,1200
59,Cd80,Ctla4,0.6709129447235704,0.708009960146731,-0.03709701542316057,0.5151734104046243,0.41,4.717128276824951,3.67844557762146,0.3400360643863678,1384,1200
60,Spp1,Itgb1,0.7433280227044208,0.7805196548340795,-0.0371916321296587,0.6575144508670521,0.6891666666666667,6.019511699676514,6.314148902893066,2.048954963684082,1384,1200
61,Tgfb1,Tgfbr1,0.7322443814809456,0.7694565278275658,-0.03721214634662018,0.29696531791907516,0.3258333333333333,2.553384780883789,2.8387515544891357,4.899741172790527,1384,1200
62,Lama3,Itga6,0.7952876744129794,0.8326131394728373,-0.0373254650598579,0.21893063583815028,0.21833333333333332,1.875162959098816,1.8769882917404175,1.4434186220169067,1384,1200
63,Spp1,Cd44,0.7495969494432815,0.787514439071043,-0.037917489627761536,0.6567919075144508,0.6883333333333334,5.961802005767822,6.271204471588135,2.048954963684082,1384,1200
64,Spp1,Itgb5,0.7991695964076018,0.8372345414656395,-0.0380649450580377,0.23482658959537572,0.15166666666666667,1.9935433864593506,1.2821238040924072,2.048954963684082,1384,1200
65,Spp1,Itga4,0.756507338033862,0.7955698733487937,-0.039062535314931646,0.6604046242774566,0.6758333333333333,6.084496021270752,6.20207405090332,2.048954963684082,1384,1200
66,Lama2,Itga3,0.7874859255148194,0.8276415474665265,-0.04015562195170708,0.125,0.15833333333333333,1.0616308450698853,1.3570177555084229,1.2718786001205444,1384,1200
67,Cdh1,Itga1,0.7959388205308265,0.8365607545080272,-0.04062193397720071,0.14739884393063585,0.15666666666666668,1.2661675214767456,1.3544394969940186,3.2274091243743896,1384,1200
68,Itga4,Vcam1,0.7177152403752239,0.7587605877507777,-0.041045347375553765,0.22904624277456648,0.20916666666666667,1.9594520330429077,1.8057489395141602,2.56325364112854,1384,1200
69,H2-DMb2,Cd4,0.6557596207448072,0.6969161749262103,-0.04115655418140307,0.6856936416184971,0.7183333333333334,6.280999660491943,6.6105499267578125,3.118966579437256,1384,1200
70,Il2,Il2rb,0.7174649635452016,0.7591361167900504,-0.041671153244848824,0.47760115606936415,0.525,4.270533084869385,4.7342681884765625,0.03880273178219795,1384,1200
71,Ccl5,Ccr4,0.7265138458202819,0.7687989101000415,-0.04228506427975964,0.282514450867052,0.32916666666666666,2.487549066543579,2.90313458442688,0.6094133257865906,1384,1200
72,Lama1,Cd44,0.742719370972557,0.7850124847887662,-0.04229311381620915,0.6567919075144508,0.6883333333333334,5.961802005767822,6.271204471588135,0.16024239361286163,1384,1200
73,Il17f,Il17ra,0.7165382274959758,0.7593922534459469,-0.04285402594997101,0.28901734104046245,0.2875,2.4770829677581787,2.4696121215820312,0.057830534875392914,1384,1200
74,Jam2,F11r,0.7759730823905786,0.8191059326786896,-0.04313285028811098,0.15606936416184972,0.19083333333333333,1.3157379627227783,1.6313389539718628,2.008331060409546,1384,1200
75,Il18,Il18rap,0.8098551623662733,0.85379091573602,-0.043935753369746644,0.16618497109826588,0.15833333333333333,1.4126474857330322,1.3591907024383545,0.7288833856582642,1384,1200
76,Ccl4,Ccr5,0.776763875160281,0.8207454956157214,-0.04398162045544041,0.2514450867052023,0.1325,2.1961896419525146,1.1479541063308716,0.1555214375257492,1384,1200
77,Dll1,Notch2,0.7601032015197147,0.8046316353472895,-0.044528433827574876,0.37283236994219654,0.37583333333333335,3.2169246673583984,3.2539942264556885,1.0893017053604126,1384,1200
78,Ifng,Ifngr1,0.7121933807626936,0.7568865825862475,-0.04469320182355396,0.615606936416185,0.5766666666666667,5.543380260467529,5.166908264160156,0.0498739629983902,1384,1200
79,Col1a1,Itga9,0.7958013093645547,0.840890790710081,-0.04508948134552626,0.10621387283236994,0.085,0.886751115322113,0.7144564986228943,3.2534241676330566,1384,1200
80,Fn1,Itga5,0.8061288612288846,0.8513900958164974,-0.045261234587612775,0.11416184971098266,0.09,0.9649397730827332,0.7617132663726807,5.665269374847412,1384,1200
81,Lamc2,Itgav,0.7473278226195564,0.7939851690266309,-0.04665734640707442,0.43786127167630057,0.4375,3.7998905181884766,3.8223869800567627,2.041736364364624,1384,1200
82,Lama1,Itgb1,0.7311475400422307,0.7779560554155676,-0.046808515373336856,0.6575144508670521,0.6891666666666667,6.019511699676514,6.314148902893066,0.16024239361286163,1384,1200
83,Lamb1,Itga1,0.7782374517219238,0.8261579812430109,-0.04792052952108705,0.14739884393063585,0.15666666666666668,1.2661675214767456,1.3544394969940186,1.9755010604858398,1384,1200
84,Reln,Itga3,0.7357485861618449,0.7839349838755068,-0.048186397713661844,0.125,0.15833333333333333,1.0616308450698853,1.3570177555084229,0.2381298989057541,1384,1200
85,Itga4,Itgb7,0.6556634022080802,0.7038903549280714,-0.04822695271999122,0.6567919075144508,0.5558333333333333,5.963653564453125,4.942928791046143,2.56325364112854,1384,1200
86,Pecam1,Pecam1,0.7348294491072787,0.7833407568853986,-0.04851130777811996,0.3627167630057804,0.44166666666666665,3.1851086616516113,3.950131416320801,5.400041103363037,1384,1200
87,Lamb1,Itga9,0.8156846934036083,0.8645203439937963,-0.04883565059018802,0.10621387283236994,0.085,0.886751115322113,0.7144564986228943,1.9755010604858398,1384,1200
88,Il10,Il10ra,0.7379031294816947,0.7877364767053693,-0.04983334722367461,0.273121387283237,0.20666666666666667,2.342599868774414,1.7799283266067505,0.036466892808675766,1384,1200
89,Cd40lg,Itgb1,0.589713745677328,0.63956412308877,-0.04985037741144194,0.6575144508670521,0.6891666666666667,6.019511699676514,6.314148902893066,0.2085462510585785,1384,1200
90,C3,Itgax,0.7645379456650215,0.8145387264255165,-0.05000078076049497,0.16835260115606937,0.195,1.4443682432174683,1.6973713636398315,6.418166637420654,1384,1200
91,Il9,Il2rg,0.792413075872237,0.8424692524413544,-0.05005617656911743,0.7861271676300579,0.7941666666666667,7.257000923156738,7.337060451507568,0.008862395770847797,1384,1200
92,Vtn,Itgav,0.7633306421899804,0.8137975769130784,-0.050466934723098045,0.43786127167630057,0.4375,3.7998905181884766,3.8223869800567627,0.20507098734378815,1384,1200
93,Dll3,Notch1,0.7672870117492443,0.819869178091999,-0.0525821663427547,0.4313583815028902,0.42916666666666664,3.742673635482788,3.7358553409576416,0.01645168475806713,1384,1200
94,Icosl,Ctla4,0.6452569060512892,0.6980136095239836,-0.052756703472694455,0.5151734104046243,0.41,4.717128276824951,3.67844557762146,1.5611708164215088,1384,1200
95,Cd80,Cd28,0.6609436324599008,0.7137873739840831,-0.05284374152418225,0.523121387283237,0.5708333333333333,4.660684585571289,5.13004207611084,0.3400360643863678,1384,1200
96,Col1a1,Itga1,0.752713072803624,0.8062364689803929,-0.053523396176768934,0.14739884393063585,0.15666666666666668,1.2661675214767456,1.3544394969940186,3.2534241676330566,1384,1200
97,Vtn,Itgb5,0.7948400501860379,0.8494280408258867,-0.05458799063984887,0.23482658959537572,0.15166666666666667,1.9935433864593506,1.2821238040924072,0.20507098734378815,1384,1200
98,Lama3,Itgav,0.7472446049762731,0.8018882400086127,-0.0546436350323396,0.43786127167630057,0.4375,3.7998905181884766,3.8223869800567627,1.4434186220169067,1384,1200
99,Lamc2,Itgb1,0.7213202603447874,0.77632169403666,-0.0550014336918726,0.6575144508670521,0.6891666666666667,6.019511699676514,6.314148902893066,2.041736364364624,1384,1200
100,Tslp,Crlf2,0.7859292678286831,0.8410596765762659,-0.05513040874758279,0.18786127167630057,0.19833333333333333,1.5899511575698853,1.6767359972000122,0.35599657893180847,1384,1200
101,Dll1,Notch1,0.7455926663586573,0.8010459713672935,-0.05545330500863621,0.4313583815028902,0.42916666666666664,3.742673635482788,3.7358553409576416,1.0893017053604126,1384,1200
102,Vwf,Itgb3,0.7759494070938704,0.8315305721192944,-0.055581165025423984,0.25939306358381503,0.195,2.242915391921997,1.6854921579360962,2.5189003944396973,1384,1200
103,Itga4,Itgb1,0.6367332008153241,0.692640007580054,-0.05590680676472981,0.6575144508670521,0.6891666666666667,6.019511699676514,6.314148902893066,2.56325364112854,1384,1200
104,Lamc2,Cd44,0.7286164076784454,0.7851781094173972,-0.05656170173895181,0.6567919075144508,0.6883333333333334,5.961802005767822,6.271204471588135,2.041736364364624,1384,1200
105,Vtn,Itgb1,0.7383541483039873,0.7966505158241569,-0.058296367520169645,0.6575144508670521,0.6891666666666667,6.019511699676514,6.314148902893066,0.20507098734378815,1384,1200
106,Icosl,Icos,0.6293070224555888,0.6876444878881969,-0.05833746543260809,0.578757225433526,0.5458333333333333,5.239432334899902,4.931683540344238,1.5611708164215088,1384,1200
107,Thy1,Itgb3,0.6811115390182406,0.7395867084777236,-0.058475169459482945,0.25939306358381503,0.195,2.242915391921997,1.6854921579360962,1.0864776372909546,1384,1200
108,Il17a,Il17ra,0.705937903077499,0.7644235521431897,-0.05848564906569065,0.28901734104046245,0.2875,2.4770829677581787,2.4696121215820312,0.09669100493192673,1384,1200
109,Spp1,Itga8,0.8453400384557104,0.9041385969074047,-0.05879855845169435,0.12427745664739884,0.045,1.0510313510894775,0.3774782419204712,2.048954963684082,1384,1200
110,Il18,Il18r1,0.7396156181975614,0.7984533267149265,-0.05883770851736514,0.44147398843930635,0.525,3.9960761070251465,4.787646770477295,0.7288833856582642,1384,1200
111,Tnc,Itgav,0.7305010938870404,0.789531030851202,-0.05902993696416159,0.43786127167630057,0.4375,3.7998905181884766,3.8223869800567627,1.6642721891403198,1384,1200
112,Fn1,Itgb3,0.7431884302536609,0.8023134576469234,-0.05912502739326253,0.25939306358381503,0.195,2.242915391921997,1.6854921579360962,5.665269374847412,1384,1200
113,Cxcl16,Cxcr6,0.7053001425569635,0.7655081849979265,-0.060208042440963006,0.4082369942196532,0.2975,3.658086061477661,2.6489856243133545,3.6949381828308105,1384,1200
114,Cd86,Ctla4,0.6716848303769568,0.7333983760929697,-0.06171354571601284,0.5151734104046243,0.41,4.717128276824951,3.67844557762146,0.9740771055221558,1384,1200
115,Lamc3,Itga3,0.7996501380957427,0.8620290476106718,-0.06237890951492908,0.125,0.15833333333333333,1.0616308450698853,1.3570177555084229,0.2575504779815674,1384,1200
116,Il2,Il2ra,0.7398476363320704,0.8026688773228092,-0.06282124099073882,0.305635838150289,0.1725,2.7260026931762695,1.5448100566864014,0.03880273178219795,1384,1200
117,Lama2,Itga9,0.8045522596690307,0.8675125860496514,-0.06296032638062077,0.10621387283236994,0.085,0.886751115322113,0.7144564986228943,1.2718786001205444,1384,1200
118,Dll4,Notch2,0.7511495473193631,0.8147735937941053,-0.06362404647474218,0.37283236994219654,0.37583333333333335,3.2169246673583984,3.2539942264556885,1.4849385023117065,1384,1200
119,Lama3,Itgb1,0.7202691948201355,0.7848420017878188,-0.0645728069676833,0.6575144508670521,0.6891666666666667,6.019511699676514,6.314148902893066,1.4434186220169067,1384,1200
120,Cdh1,Itgae,0.7725866767843784,0.8372227493810959,-0.06463607259671744,0.2536127167630058,0.18333333333333332,2.2744250297546387,1.6389583349227905,3.2274091243743896,1384,1200
121,Cd40lg,Itgb2,0.5766707854487914,0.6414408022394712,-0.06477001679067984,0.7492774566473989,0.7508333333333334,6.8305792808532715,6.874693393707275,0.2085462510585785,1384,1200
122,Lama2,Itga1,0.7641874922993186,0.8290201140551726,-0.06483262175585403,0.14739884393063585,0.15666666666666668,1.2661675214767456,1.3544394969940186,1.2718786001205444,1384,1200
123,Icam2,Itgal,0.7203128760726679,0.7851948804826924,-0.06488200441002445,0.7348265895953757,0.8041666666666667,6.732481002807617,7.542272090911865,2.6659114360809326,1384,1200
124,Il2,Il2rg,0.6810080901748907,0.7464442410238004,-0.06543615084890964,0.7861271676300579,0.7941666666666667,7.257000923156738,7.337060451507568,0.03880273178219795,1384,1200
125,Lama3,Cd44,0.7267653206036992,0.793108115816447,-0.06634279521274777,0.6567919075144508,0.6883333333333334,5.961802005767822,6.271204471588135,1.4434186220169067,1384,1200
126,Ccl5,Ccr5,0.7287851068636368,0.7952318257696677,-0.06644671890603082,0.2514450867052023,0.1325,2.1961896419525146,1.1479541063308716,0.6094133257865906,1384,1200
127,Tnc,Itgb1,0.7041574573870438,0.7714074992620433,-0.0672500418749995,0.6575144508670521,0.6891666666666667,6.019511699676514,6.314148902893066,1.6642721891403198,1384,1200
128,Icosl,Cd28,0.6313698532433636,0.6993802939597042,-0.06801044071634066,0.523121387283237,0.5708333333333333,4.660684585571289,5.13004207611084,1.5611708164215088,1384,1200
129,Il10,Il10rb,0.7025939064414974,0.7707387000556567,-0.06814479361415926,0.3475433526011561,0.3225,2.9798240661621094,2.7799270153045654,0.036466892808675766,1384,1200
130,Tgfb2,Tgfbr1,0.7312241239708447,0.7994039755304166,-0.06817985155957196,0.29696531791907516,0.3258333333333333,2.553384780883789,2.8387515544891357,0.8607767820358276,1384,1200
131,H2-Ab1,Cd4,0.6563944962265332,0.72494827400738,-0.06855377778084681,0.6856936416184971,0.7183333333333334,6.280999660491943,6.6105499267578125,6.461980819702148,1384,1200
132,Icam1,Itgal,0.6930882276856336,0.7617782543273157,-0.06869002664168211,0.7348265895953757,0.8041666666666667,6.732481002807617,7.542272090911865,4.34319543838501,1384,1200
133,Lamb1,Itga6,0.7420072080829423,0.8120490717531313,-0.07004186367018905,0.21893063583815028,0.21833333333333332,1.875162959098816,1.8769882917404175,1.9755010604858398,1384,1200
134,Il15,Il2rb,0.6994553237724623,0.77042751109443,-0.07097218732196764,0.47760115606936415,0.525,4.270533084869385,4.7342681884765625,0.5906714200973511,1384,1200
135,F11r,Jam2,0.809159207841027,0.8801753685118919,-0.07101616067086491,0.12861271676300579,0.06833333333333333,1.0924488306045532,0.584764301776886,4.302900314331055,1384,1200
136,Icam2,Itgb2,0.7104803868241062,0.7817062385913803,-0.07122585176727414,0.7492774566473989,0.7508333333333334,6.8305792808532715,6.874693393707275,2.6659114360809326,1384,1200
137,Calca,Calcrl,0.7063715449213632,0.7783124252453084,-0.07194088032394519,0.36921965317919075,0.37833333333333335,3.3038880825042725,3.3974385261535645,0.058110687881708145,1384,1200
138,Tgfb1,Tgfbr2,0.6616068009066084,0.733572254013355,-0.07196545310674662,0.7651734104046243,0.7383333333333333,7.057409763336182,6.766414165496826,4.899741172790527,1384,1200
139,Col4a1,Itgav,0.7091276546600418,0.7812478267881133,-0.07212017212807154,0.43786127167630057,0.4375,3.7998905181884766,3.8223869800567627,7.091513156890869,1384,1200
140,Dll4,Notch1,0.7401111292904669,0.8125712638077234,-0.07246013451725652,0.4313583815028902,0.42916666666666664,3.742673635482788,3.7358553409576416,1.4849385023117065,1384,1200
141,Tnc,Itga8,0.824970781247946,0.8977055750565459,-0.07273479380859993,0.12427745664739884,0.045,1.0510313510894775,0.3774782419204712,1.6642721891403198,1384,1200
142,Itga9,Vcam1,0.7439649826710368,0.8182029677298303,-0.07423798505879342,0.22904624277456648,0.20916666666666667,1.9594520330429077,1.8057489395141602,2.0229880809783936,1384,1200
143,Vtn,Itga8,0.8370575955489282,0.9114721871263962,-0.07441459157746799,0.12427745664739884,0.045,1.0510313510894775,0.3774782419204712,0.20507098734378815,1384,1200
144,Cd86,Cd28,0.6635596253489151,0.7380580880582589,-0.0744984627093438,0.523121387283237,0.5708333333333333,4.660684585571289,5.13004207611084,0.9740771055221558,1384,1200
145,Icam1,Itgb2,0.6826587473295346,0.7575187626572178,-0.07486001532768327,0.7492774566473989,0.7508333333333334,6.8305792808532715,6.874693393707275,4.34319543838501,1384,1200
146,Igf2,Itga6,0.7569218216918489,0.832539039836278,-0.07561721814442912,0.21893063583815028,0.21833333333333332,1.875162959098816,1.8769882917404175,0.17159707844257355,1384,1200
147,Vwf,Itgav,0.7262628227097723,0.8032350134436461,-0.07697219073387385,0.43786127167630057,0.4375,3.7998905181884766,3.8223869800567627,2.5189003944396973,1384,1200
148,Igf2,Itgb3,0.751556665175041,0.8325234978106456,-0.08096683263560456,0.25939306358381503,0.195,2.242915391921997,1.6854921579360962,0.17159707844257355,1384,1200
149,Col4a1,Itgb1,0.680693417538885,0.762666879243794,-0.08197346170490893,0.6575144508670521,0.6891666666666667,6.019511699676514,6.314148902893066,7.091513156890869,1384,1200
150,Il33,Il1rl1,0.7685243986759867,0.8505630086676993,-0.08203860999171264,0.24277456647398843,0.115,2.3149945735931396,1.0627639293670654,2.699615955352783,1384,1200
151,Fn1,Itgav,0.6864552448651544,0.768621618168136,-0.0821663733029816,0.43786127167630057,0.4375,3.7998905181884766,3.8223869800567627,5.665269374847412,1384,1200
152,Jam2,Jam2,0.7960895036690843,0.8789228254743502,-0.08283332180526592,0.12861271676300579,0.06833333333333333,1.0924488306045532,0.584764301776886,2.008331060409546,1384,1200
153,Tgfb3,Tgfbr1,0.6799896710777671,0.7630478156404567,-0.08305814456268956,0.29696531791907516,0.3258333333333333,2.553384780883789,2.8387515544891357,1.9078963994979858,1384,1200
154,Thy1,Itgav,0.611459641200653,0.694994937965755,-0.08353529676510196,0.43786127167630057,0.4375,3.7998905181884766,3.8223869800567627,1.0864776372909546,1384,1200
155,Ccl21a,Ccr7,0.7240374960867119,0.8080911044628101,-0.08405360837609821,0.0968208092485549,0.12,0.8445489406585693,1.0386425256729126,0.519371509552002,1384,1200
156,Col4a1,Cd44,0.686646640682979,0.7710667027582339,-0.08442006207525488,0.6567919075144508,0.6883333333333334,5.961802005767822,6.271204471588135,7.091513156890869,1384,1200
157,Fn1,Itga8,0.8070855542408578,0.8923456805971411,-0.08526012635628333,0.12427745664739884,0.045,1.0510313510894775,0.3774782419204712,5.665269374847412,1384,1200
158,Fn1,Itgb7,0.6737235966532905,0.7598618867139564,-0.08613829006066587,0.6567919075144508,0.5558333333333333,5.963653564453125,4.942928791046143,5.665269374847412,1384,1200
159,Jam3,Jam2,0.7807373730226657,0.8673590236815565,-0.08662165065889083,0.12861271676300579,0.06833333333333333,1.0924488306045532,0.584764301776886,0.3635479509830475,1384,1200
160,Cdh1,Itgb7,0.6996180129279744,0.7868720773785983,-0.08725406445062389,0.6567919075144508,0.5558333333333333,5.963653564453125,4.942928791046143,3.2274091243743896,1384,1200
161,Lamc3,Itga1,0.7678363414601287,0.8571932694522085,-0.08935692799207984,0.14739884393063585,0.15666666666666668,1.2661675214767456,1.3544394969940186,0.2575504779815674,1384,1200
162,Tslp,Il7r,0.7081626937595753,0.7988858027807106,-0.09072310902113534,0.47760115606936415,0.4508333333333333,4.324132442474365,4.064138412475586,0.35599657893180847,1384,1200
163,Jam2,Itgav,0.6970386860915938,0.7882034981209165,-0.0911648120293227,0.43786127167630057,0.4375,3.7998905181884766,3.8223869800567627,2.008331060409546,1384,1200
164,Cdh1,Klrg1,0.787967052598573,0.8792919490550176,-0.0913248964564446,0.18858381502890173,0.08083333333333333,1.7170679569244385,0.7190403342247009,3.2274091243743896,1384,1200
165,Itga9,Itgb1,0.6686091625156232,0.7608408745119986,-0.09223171199637537,0.6575144508670521,0.6891666666666667,6.019511699676514,6.314148902893066,2.0229880809783936,1384,1200
166,Lama2,Itga6,0.721506257022729,0.8145209789731072,-0.09301472195037819,0.21893063583815028,0.21833333333333332,1.875162959098816,1.8769882917404175,1.2718786001205444,1384,1200
167,Fn1,Itgb1,0.6565046672222,0.7500303062307719,-0.09352563900857191,0.6575144508670521,0.6891666666666667,6.019511699676514,6.314148902893066,5.665269374847412,1384,1200
168,Cdh1,Itgb1,0.6842782552984163,0.7782026070399707,-0.09392435174155433,0.6575144508670521,0.6891666666666667,6.019511699676514,6.314148902893066,3.2274091243743896,1384,1200
169,Cxcl12,Cxcr4,0.6767651857774757,0.7733136617579313,-0.09654847598045557,0.5043352601156069,0.5575,4.544917583465576,5.020231246948242,4.319969177246094,1384,1200
170,Fn1,Cd44,0.6612301107002838,0.7578418889155825,-0.09661177821529865,0.6567919075144508,0.6883333333333334,5.961802005767822,6.271204471588135,5.665269374847412,1384,1200
171,Lamc3,Itga9,0.8065231039762785,0.9042504812988509,-0.09772737732257242,0.10621387283236994,0.085,0.886751115322113,0.7144564986228943,0.2575504779815674,1384,1200
172,Adm,Calcrl,0.6693246112231351,0.767067100018936,-0.09774248879580083,0.36921965317919075,0.37833333333333335,3.3038880825042725,3.3974385261535645,0.2734023332595825,1384,1200
173,Fn1,Itga4,0.6660270305270791,0.7638144844902021,-0.09778745396312294,0.6604046242774566,0.6758333333333333,6.084496021270752,6.20207405090332,5.665269374847412,1384,1200
174,Lamb1,Itgav,0.679751444344818,0.7802997113946908,-0.10054826704987274,0.43786127167630057,0.4375,3.7998905181884766,3.8223869800567627,1.9755010604858398,1384,1200
175,Jam2,Itgb1,0.6673633128942834,0.7688389396578063,-0.10147562676352284,0.6575144508670521,0.6891666666666667,6.019511699676514,6.314148902893066,2.008331060409546,1384,1200
176,Il7,Il7r,0.651271318995209,0.752858038802434,-0.101586719807225,0.47760115606936415,0.4508333333333333,4.324132442474365,4.064138412475586,0.25374677777290344,1384,1200
177,Lamc3,Itga6,0.7437438595339433,0.8478272180109675,-0.10408335847702421,0.21893063583815028,0.21833333333333332,1.875162959098816,1.8769882917404175,0.2575504779815674,1384,1200
178,Igf2,Itgav,0.6969081023789344,0.8033614497287384,-0.10645334734980394,0.43786127167630057,0.4375,3.7998905181884766,3.8223869800567627,0.17159707844257355,1384,1200
179,Lamb1,Itgb1,0.6492925304904806,0.7606966434030357,-0.11140411291255503,0.6575144508670521,0.6891666666666667,6.019511699676514,6.314148902893066,1.9755010604858398,1384,1200
180,Tgfb2,Tgfbr2,0.6548084084255407,0.7664707079471194,-0.11166229952157869,0.7651734104046243,0.7383333333333333,7.057409763336182,6.766414165496826,0.8607767820358276,1384,1200
181,Thy1,Itgb2,0.5648665607339076,0.6768683160215879,-0.1120017552876803,0.7492774566473989,0.7508333333333334,6.8305792808532715,6.874693393707275,1.0864776372909546,1384,1200
182,Il6,Il6st,0.6771287802360892,0.7913921130157556,-0.11426333277966638,0.5852601156069365,0.5966666666666667,5.271377086639404,5.365682601928711,0.08919306099414825,1384,1200
183,Jam3,Itgb2,0.6204480958807943,0.7355843233810263,-0.115136227500232,0.7492774566473989,0.7508333333333334,6.8305792808532715,6.874693393707275,0.3635479509830475,1384,1200
184,Lamb1,Cd44,0.6542379207385088,0.7696305842409258,-0.11539266350241695,0.6567919075144508,0.6883333333333334,5.961802005767822,6.271204471588135,1.9755010604858398,1384,1200
185,C3,Itgb2,0.6288800994003657,0.7447833038129843,-0.11590320441261859,0.7492774566473989,0.7508333333333334,6.8305792808532715,6.874693393707275,6.418166637420654,1384,1200
186,Col1a1,Itgav,0.6270073189350063,0.7463013418981773,-0.11929402296317104,0.43786127167630057,0.4375,3.7998905181884766,3.8223869800567627,3.2534241676330566,1384,1200
187,Lama2,Itgav,0.6539658418273975,0.7838009746892042,-0.1298351328618067,0.43786127167630057,0.4375,3.7998905181884766,3.8223869800567627,1.2718786001205444,1384,1200
188,Col1a1,Itgb1,0.59500934323418,0.7260620477763948,-0.13105270454221485,0.6575144508670521,0.6891666666666667,6.019511699676514,6.314148902893066,3.2534241676330566,1384,1200
189,Tgfb3,Tgfbr2,0.5897919453617283,0.7228030810681002,-0.1330111357063719,0.7651734104046243,0.7383333333333333,7.057409763336182,6.766414165496826,1.9078963994979858,1384,1200
190,Il7,Il2rg,0.5992232926381093,0.7339629318563944,-0.13473963921828513,0.7861271676300579,0.7941666666666667,7.257000923156738,7.337060451507568,0.25374677777290344,1384,1200
191,Col1a1,Cd44,0.5969237764639441,0.7327748676872895,-0.13585109122334538,0.6567919075144508,0.6883333333333334,5.961802005767822,6.271204471588135,3.2534241676330566,1384,1200
192,Il4,Il2rg,0.6254129054857112,0.765360003382836,-0.1399470978971249,0.7861271676300579,0.7941666666666667,7.257000923156738,7.337060451507568,0.21229012310504913,1384,1200
193,Lama2,Itgb1,0.6235057432648506,0.7637547199198867,-0.1402489766550361,0.6575144508670521,0.6891666666666667,6.019511699676514,6.314148902893066,1.2718786001205444,1384,1200
194,Lama2,Cd44,0.6248225088448611,0.7723646816791933,-0.14754217283433213,0.6567919075144508,0.6883333333333334,5.961802005767822,6.271204471588135,1.2718786001205444,1384,1200
195,Lamc3,Itgav,0.6816752866547761,0.8321174963797877,-0.15044220972501166,0.43786127167630057,0.4375,3.7998905181884766,3.8223869800567627,0.2575504779815674,1384,1200
196,Lamc3,Itgb1,0.6506635340354704,0.8099131148342064,-0.15924958079873597,0.6575144508670521,0.6891666666666667,6.019511699676514,6.314148902893066,0.2575504779815674,1384,1200
197,Reln,Itgb1,0.5280558506409839,0.6897349279220122,-0.16167907728102826,0.6575144508670521,0.6891666666666667,6.019511699676514,6.314148902893066,0.2381298989057541,1384,1200
198,Lamc3,Cd44,0.6499472350771519,0.8223819302299534,-0.17243469515280152,0.6567919075144508,0.6883333333333334,5.961802005767822,6.271204471588135,0.2575504779815674,1384,1200
