,ligand,receptor,JS_Treg,JS_Th0,delta,frac_pos_Treg,frac_pos_Th0,mean_recep_Treg,mean_recep_Th0,mean_lig,n_Treg,n_Th0
0,Cxcl13,Cxcr5,0.8695925656040716,0.6397243372310475,0.22986822837302412,0.030957943925233645,0.32663989290495316,0.25749436020851135,2.8821725845336914,0.5008298754692078,1712,1494
1,Ccl21a,Ccr7,0.8547104443836993,0.6938024015241725,0.16090804285952676,0.06600467289719626,0.20214190093708165,0.5730175971984863,1.7761784791946411,0.519371509552002,1712,1494
2,Ccl19,Ccr7,0.831180713571341,0.6780868868836543,0.15309382668768678,0.06600467289719626,0.20214190093708165,0.5730175971984863,1.7761784791946411,0.42578524351119995,1712,1494
3,Ccl20,Ccr6,0.6990307044338367,0.5977175214383247,0.10131318299551206,0.22605140186915887,0.34002677376171353,1.9380466938018799,3.0904088020324707,0.11632438004016876,1712,1494
4,Il9,Il9r,0.9177102522344885,0.8511513979825056,0.06655885425198294,0.053738317757009345,0.16131191432396252,0.4468090236186981,1.386748194694519,0.008862395770847797,1712,1494
5,Itgb2,Icam2,0.7603122169199389,0.7241546529254277,0.0361575639945112,0.11507009345794393,0.19143239625167335,0.9528506398200989,1.6346549987792969,3.785571813583374,1712,1494
6,Reln,Itgb1,0.618482462948387,0.5844421409726039,0.034040321975783105,0.6816588785046729,0.6572958500669344,6.052483558654785,6.162197113037109,0.2381298989057541,1712,1494
7,Madcam1,Itga4,0.7015711284970959,0.6842456661100497,0.017325462387046242,0.709696261682243,0.6532797858099063,6.357210636138916,6.104095458984375,0.015501964837312698,1712,1494
8,Madcam1,Itgb7,0.6970682780532197,0.6928490501235998,0.004219227929619929,0.8101635514018691,0.5120481927710844,7.328225612640381,4.610322952270508,0.015501964837312698,1712,1494
9,Il21,Il2rg,0.5463803116906114,0.5438718539264337,0.0025084577641777406,0.8276869158878505,0.7161981258366801,7.5729546546936035,6.6432318687438965,0.057126712054014206,1712,1494
10,Reln,Itga3,0.7655701661138459,0.7692729193425346,-0.0037027532286887377,0.2324766355140187,0.14190093708165996,1.9567375183105469,1.2199097871780396,0.2381298989057541,1712,1494
11,Cd40lg,Itga5,0.7602413443292639,0.7757930891891207,-0.015551744859856775,0.1314252336448598,0.0823293172690763,1.0850181579589844,0.7042641043663025,0.2085462510585785,1712,1494
12,Cd40lg,Itgb1,0.49864367699023115,0.5173140459096693,-0.018670368919438185,0.6816588785046729,0.6572958500669344,6.052483558654785,6.162197113037109,0.2085462510585785,1712,1494
13,Sell,Cd34,0.6879559772411681,0.7098341027007566,-0.02187812545958856,0.22780373831775702,0.18005354752342703,1.9279000759124756,1.567202091217041,0.9868013262748718,1712,1494
14,Il17f,Il17ra,0.6598316026510352,0.6836924548964641,-0.023860852245428887,0.29380841121495327,0.3032128514056225,2.46926212310791,2.637713670730591,0.057830534875392914,1712,1494
15,Il17a,Il17ra,0.653796970007279,0.6777018505712749,-0.023904880563995867,0.29380841121495327,0.3032128514056225,2.46926212310791,2.637713670730591,0.09669100493192673,1712,1494
16,Il21,Il21r,0.6514235402760329,0.6786713333205928,-0.02724779304455993,0.2949766355140187,0.21954484605087016,2.48171329498291,1.8904168605804443,0.057126712054014206,1712,1494
17,Cd70,Cd27,0.752058270201698,0.7814686202926472,-0.029410350090949167,0.3592289719626168,0.3908969210174029,3.095735549926758,3.473543167114258,0.010414738208055496,1712,1494
18,Calcb,Calcrl,0.7001359064198855,0.7308499315543399,-0.030714025134454315,0.4713785046728972,0.4042838018741633,4.153886795043945,3.6804020404815674,0.02642304264008999,1712,1494
19,Il25,Il17ra,0.7366962149929718,0.7681059364971073,-0.03140972150413557,0.29380841121495327,0.3032128514056225,2.46926212310791,2.637713670730591,0.02267233282327652,1712,1494
20,Dll3,Notch1,0.7082598903387796,0.7412940919087113,-0.033034201569931754,0.4894859813084112,0.4350736278447122,4.200056552886963,3.813051700592041,0.01645168475806713,1712,1494
21,Lamc3,Itga6,0.7231819391865807,0.7579429940685835,-0.03476105488200276,0.2570093457943925,0.24832663989290496,2.158313035964966,2.1624348163604736,0.2575504779815674,1712,1494
22,Col1a1,Itga9,0.7739647450072398,0.8096987053678563,-0.03573396036061649,0.10864485981308411,0.09036144578313253,0.8902848958969116,0.7534317970275879,3.2534241676330566,1712,1494
23,Il9,Il2rg,0.7387148703631382,0.7767780966347065,-0.03806322627156833,0.8276869158878505,0.7161981258366801,7.5729546546936035,6.6432318687438965,0.008862395770847797,1712,1494
24,Lamc3,Itga9,0.8138997586837016,0.8532618399387326,-0.039362081255031045,0.10864485981308411,0.09036144578313253,0.8902848958969116,0.7534317970275879,0.2575504779815674,1712,1494
25,Lama2,Itga9,0.7855997083085634,0.8264219441989704,-0.04082223589040701,0.10864485981308411,0.09036144578313253,0.8902848958969116,0.7534317970275879,1.2718786001205444,1712,1494
26,Cxcl13,Cxcr3,0.6585072316153724,0.7003362646085798,-0.04182903299320739,0.2517523364485981,0.17670682730923695,2.1766631603240967,1.5541406869888306,0.5008298754692078,1712,1494
27,Icosl,Cd28,0.5230446873530964,0.5653932413146641,-0.04234855396156767,0.5338785046728972,0.5990629183400268,4.622020721435547,5.450109481811523,1.5611708164215088,1712,1494
28,Cd40lg,Itgb2,0.4722250416846958,0.5153222373591223,-0.04309719567442649,0.804322429906542,0.7014725568942436,7.26543664932251,6.4725189208984375,0.2085462510585785,1712,1494
29,Calca,Calcrl,0.6301353238608383,0.6738652048687135,-0.043729881007875226,0.4713785046728972,0.4042838018741633,4.153886795043945,3.6804020404815674,0.058110687881708145,1712,1494
30,Igf2,Itga6,0.6854808195785727,0.7301430611745753,-0.04466224159600263,0.2570093457943925,0.24832663989290496,2.158313035964966,2.1624348163604736,0.17159707844257355,1712,1494
31,Dll3,Notch2,0.7328097647288719,0.7776786611295085,-0.044868896400636515,0.3662383177570093,0.3253012048192771,3.085585594177246,2.832099199295044,0.01645168475806713,1712,1494
32,Lamb1,Itga9,0.7820572905990805,0.8279072529898396,-0.045849962390759114,0.10864485981308411,0.09036144578313253,0.8902848958969116,0.7534317970275879,1.9755010604858398,1712,1494
33,Lama2,Itga6,0.6666628646611601,0.7148979748887957,-0.0482351102276356,0.2570093457943925,0.24832663989290496,2.158313035964966,2.1624348163604736,1.2718786001205444,1712,1494
34,Pecam1,Pecam1,0.6082529365023185,0.6598296653484317,-0.051576728846113196,0.370911214953271,0.46251673360107093,3.195023775100708,4.1540422439575195,5.400041103363037,1712,1494
35,Lama1,Itga9,0.7869228689042848,0.8391189438891573,-0.052196074984872554,0.10864485981308411,0.09036144578313253,0.8902848958969116,0.7534317970275879,0.16024239361286163,1712,1494
36,Lama1,Itga6,0.6820227355568318,0.7342957754852182,-0.05227303992838639,0.2570093457943925,0.24832663989290496,2.158313035964966,2.1624348163604736,0.16024239361286163,1712,1494
37,Lamb1,Itga6,0.6621099666925159,0.7151122061781969,-0.05300223948568106,0.2570093457943925,0.24832663989290496,2.158313035964966,2.1624348163604736,1.9755010604858398,1712,1494
38,Col4a1,Itga9,0.7786887611824098,0.8318888677041361,-0.05320010652172624,0.10864485981308411,0.09036144578313253,0.8902848958969116,0.7534317970275879,7.091513156890869,1712,1494
39,Adm,Calcrl,0.5948512089582482,0.6492077164649231,-0.05435650750667498,0.4713785046728972,0.4042838018741633,4.153886795043945,3.6804020404815674,0.2734023332595825,1712,1494
40,Tnc,Itga9,0.7808091354812269,0.8373390710994475,-0.05652993561822062,0.10864485981308411,0.09036144578313253,0.8902848958969116,0.7534317970275879,1.6642721891403198,1712,1494
41,Pdcd1lg2,Pdcd1,0.6341061460944913,0.6910934232726605,-0.056987277178169204,0.25934579439252337,0.31994645247657294,2.2069292068481445,2.8488211631774902,0.5769128203392029,1712,1494
42,Lama3,Itga9,0.7878295383714184,0.8484754067307343,-0.060645868359315847,0.10864485981308411,0.09036144578313253,0.8902848958969116,0.7534317970275879,1.4434186220169067,1712,1494
43,Lamc2,Itga9,0.7822958492233935,0.8445191571542657,-0.062223307930872274,0.10864485981308411,0.09036144578313253,0.8902848958969116,0.7534317970275879,2.041736364364624,1712,1494
44,Lama3,Itga6,0.6717697648225733,0.7359620679335043,-0.06419230311093094,0.2570093457943925,0.24832663989290496,2.158313035964966,2.1624348163604736,1.4434186220169067,1712,1494
45,Il22,Il10rb,0.6915248807395322,0.7576347222512299,-0.06610984151169763,0.42406542056074764,0.2878179384203481,3.594878911972046,2.4941964149475098,0.025666043162345886,1712,1494
46,Itga4,Vcam1,0.6574367416333581,0.7238662256084865,-0.06642948397512838,0.2283878504672897,0.1746987951807229,1.935508131980896,1.5155448913574219,2.56325364112854,1712,1494
47,Ifng,Ifngr2,0.6702202710805503,0.7391863040381214,-0.06896603295757109,0.30899532710280375,0.2617135207496653,2.5833740234375,2.261052131652832,0.0498739629983902,1712,1494
48,Cdh5,Cdh5,0.6433066348779787,0.7128434951309769,-0.06953686025299821,0.2932242990654206,0.23761713520749667,2.539121150970459,2.119312286376953,5.267895221710205,1712,1494
49,Cd274,Pdcd1,0.6571586689105813,0.7272771111059912,-0.07011844219540997,0.25934579439252337,0.31994645247657294,2.2069292068481445,2.8488211631774902,1.0848660469055176,1712,1494
50,Itga4,Itgb1,0.4837967748192911,0.5541146176520939,-0.07031784283280279,0.6816588785046729,0.6572958500669344,6.052483558654785,6.162197113037109,2.56325364112854,1712,1494
51,Lamc2,Itga6,0.661072059512153,0.731533538313481,-0.07046147880132803,0.2570093457943925,0.24832663989290496,2.158313035964966,2.1624348163604736,2.041736364364624,1712,1494
52,Spp1,Itga9,0.781884355029268,0.8524104788697432,-0.07052612384047519,0.10864485981308411,0.09036144578313253,0.8902848958969116,0.7534317970275879,2.048954963684082,1712,1494
53,Cd40lg,Itgb3,0.641068762175891,0.7118062208233029,-0.07073745864741188,0.2716121495327103,0.16934404283801874,2.3167808055877686,1.4891140460968018,0.2085462510585785,1712,1494
54,Itgb2,Cd226,0.6122854669023834,0.6832129014789173,-0.07092743457653394,0.2932242990654206,0.2971887550200803,2.4995229244232178,2.5955822467803955,3.785571813583374,1712,1494
55,Lamc3,Itga3,0.7477900692959865,0.81890937923116,-0.07111930993517357,0.2324766355140187,0.14190093708165996,1.9567375183105469,1.2199097871780396,0.2575504779815674,1712,1494
56,Fn1,Itga5,0.7514254110828463,0.8238712059833877,-0.07244579490054137,0.1314252336448598,0.0823293172690763,1.0850181579589844,0.7042641043663025,5.665269374847412,1712,1494
57,Cd80,Cd28,0.5159941181534848,0.5889866801496023,-0.07299256199611748,0.5338785046728972,0.5990629183400268,4.622020721435547,5.450109481811523,0.3400360643863678,1712,1494
58,Cd80,Cd274,0.6756477204780841,0.7488202000964078,-0.07317247961832374,0.21495327102803738,0.1392235609103079,1.805928349494934,1.1996872425079346,0.3400360643863678,1712,1494
59,Lama1,Itga1,0.7311001132181716,0.8054892452605695,-0.07438913204239794,0.17932242990654207,0.12048192771084337,1.4977444410324097,1.0389522314071655,0.16024239361286163,1712,1494
60,Vtn,Itga8,0.7912407350946001,0.8659094869318323,-0.0746687518372322,0.11682242990654206,0.060240963855421686,0.9751006364822388,0.5039812922477722,0.20507098734378815,1712,1494
61,Il2,Il2rg,0.5731735875105074,0.648377055884421,-0.07520346837391356,0.8276869158878505,0.7161981258366801,7.5729546546936035,6.6432318687438965,0.03880273178219795,1712,1494
62,H2-DMb2,Cd4,0.48534629832126697,0.5606110729662217,-0.07526477464495474,0.7038551401869159,0.715528781793842,6.230193614959717,6.7079854011535645,3.118966579437256,1712,1494
63,Tnc,Itgb6,0.7628860282053139,0.8389069181256882,-0.07602088992037426,0.12149532710280374,0.07429718875502007,1.0139437913894653,0.6399940848350525,1.6642721891403198,1712,1494
64,Col1a1,Itga1,0.7128341454087828,0.789215246022003,-0.07638110061322023,0.17932242990654207,0.12048192771084337,1.4977444410324097,1.0389522314071655,3.2534241676330566,1712,1494
65,Jam3,F11r,0.696767198709335,0.7732303863080255,-0.07646318759869053,0.22488317757009346,0.14190093708165996,1.8808653354644775,1.2172679901123047,0.3635479509830475,1712,1494
66,Lamc3,Itgb1,0.6081718082280739,0.6847243837938305,-0.07655257556575656,0.6816588785046729,0.6572958500669344,6.052483558654785,6.162197113037109,0.2575504779815674,1712,1494
67,Fn1,Itgb6,0.7629897898196848,0.8400045024617815,-0.0770147126420967,0.12149532710280374,0.07429718875502007,1.0139437913894653,0.6399940848350525,5.665269374847412,1712,1494
68,Lamc3,Itga1,0.7544845965653647,0.832271414050317,-0.07778681748495231,0.17932242990654207,0.12048192771084337,1.4977444410324097,1.0389522314071655,0.2575504779815674,1712,1494
69,Il7,Il7r,0.581339033656558,0.6593072371241855,-0.07796820346762745,0.4994158878504673,0.4062918340026774,4.394804000854492,3.715707778930664,0.25374677777290344,1712,1494
70,Il10,Il10rb,0.6235010859321939,0.7017945357248222,-0.07829344979262831,0.42406542056074764,0.2878179384203481,3.594878911972046,2.4941964149475098,0.036466892808675766,1712,1494
71,Lama2,Itga1,0.7230807412873766,0.8029742367677847,-0.07989349548040803,0.17932242990654207,0.12048192771084337,1.4977444410324097,1.0389522314071655,1.2718786001205444,1712,1494
72,Lamb1,Itga1,0.7175385929191174,0.7999405181503603,-0.0824019252312429,0.17932242990654207,0.12048192771084337,1.4977444410324097,1.0389522314071655,1.9755010604858398,1712,1494
73,Col1a1,Itga3,0.6849955546613306,0.7679274169025281,-0.08293186224119753,0.2324766355140187,0.14190093708165996,1.9567375183105469,1.2199097871780396,3.2534241676330566,1712,1494
74,Col4a1,Itga1,0.7124765207437037,0.7954987393249948,-0.08302221858129111,0.17932242990654207,0.12048192771084337,1.4977444410324097,1.0389522314071655,7.091513156890869,1712,1494
75,Lama3,Itga1,0.7232400440495672,0.8063131546235521,-0.08307311057398492,0.17932242990654207,0.12048192771084337,1.4977444410324097,1.0389522314071655,1.4434186220169067,1712,1494
76,Thy1,Itgb3,0.6313851245031886,0.7152247911799818,-0.08383966667679321,0.2716121495327103,0.16934404283801874,2.3167808055877686,1.4891140460968018,1.0864776372909546,1712,1494
77,Lamc2,Itga1,0.7172245727944645,0.8024628201999562,-0.08523824740549168,0.17932242990654207,0.12048192771084337,1.4977444410324097,1.0389522314071655,2.041736364364624,1712,1494
78,Cdh1,Itga1,0.7192804399996012,0.8054278187308613,-0.0861473787312601,0.17932242990654207,0.12048192771084337,1.4977444410324097,1.0389522314071655,3.2274091243743896,1712,1494
79,Spp1,Itga8,0.7841944400559299,0.8710032235399371,-0.08680878348400722,0.11682242990654206,0.060240963855421686,0.9751006364822388,0.5039812922477722,2.048954963684082,1712,1494
80,Lama1,Itgb1,0.5644981255887723,0.6517043893640748,-0.0872062637753025,0.6816588785046729,0.6572958500669344,6.052483558654785,6.162197113037109,0.16024239361286163,1712,1494
81,Thy1,Itgax,0.6143269287820646,0.7017375270692989,-0.0874105982872343,0.2908878504672897,0.17336010709504684,2.515066623687744,1.523453712463379,1.0864776372909546,1712,1494
82,Tnc,Itga8,0.7749823146761934,0.8625869229775348,-0.08760460830134142,0.11682242990654206,0.060240963855421686,0.9751006364822388,0.5039812922477722,1.6642721891403198,1712,1494
83,Cd86,Cd28,0.5182037812594985,0.6065436447318736,-0.0883398634723751,0.5338785046728972,0.5990629183400268,4.622020721435547,5.450109481811523,0.9740771055221558,1712,1494
84,Lama2,Itga3,0.697999185502457,0.7863883256384512,-0.08838914013599419,0.2324766355140187,0.14190093708165996,1.9567375183105469,1.2199097871780396,1.2718786001205444,1712,1494
85,Lama1,Itga3,0.6975883576046321,0.7865563120661903,-0.08896795446155814,0.2324766355140187,0.14190093708165996,1.9567375183105469,1.2199097871780396,0.16024239361286163,1712,1494
86,Dll1,Notch1,0.59576381396952,0.6850076525952581,-0.08924383862573804,0.4894859813084112,0.4350736278447122,4.200056552886963,3.813051700592041,1.0893017053604126,1712,1494
87,Fn1,Itga8,0.7705863548894606,0.8598459941766626,-0.08925963928720204,0.11682242990654206,0.060240963855421686,0.9751006364822388,0.5039812922477722,5.665269374847412,1712,1494
88,Col1a1,Itgb1,0.497037112512578,0.5863585402283746,-0.08932142771579665,0.6816588785046729,0.6572958500669344,6.052483558654785,6.162197113037109,3.2534241676330566,1712,1494
89,Vtn,Itgb3,0.7005003412256633,0.78991050249679,-0.08941016127112666,0.2716121495327103,0.16934404283801874,2.3167808055877686,1.4891140460968018,0.20507098734378815,1712,1494
90,Igf2,Itgb3,0.6857877552432292,0.7778804431458349,-0.09209268790260572,0.2716121495327103,0.16934404283801874,2.3167808055877686,1.4891140460968018,0.17159707844257355,1712,1494
91,Spp1,Itga5,0.7529419971299619,0.8452195454932063,-0.09227754836324442,0.1314252336448598,0.0823293172690763,1.0850181579589844,0.7042641043663025,2.048954963684082,1712,1494
92,Jam2,Itga3,0.689627479075943,0.7819713629019981,-0.09234388382605507,0.2324766355140187,0.14190093708165996,1.9567375183105469,1.2199097871780396,2.008331060409546,1712,1494
93,Lamb1,Itga3,0.6878272314680768,0.7804439689942942,-0.09261673752621746,0.2324766355140187,0.14190093708165996,1.9567375183105469,1.2199097871780396,1.9755010604858398,1712,1494
94,Spp1,Itgb6,0.7456933346952209,0.8391410310052393,-0.09344769631001837,0.12149532710280374,0.07429718875502007,1.0139437913894653,0.6399940848350525,2.048954963684082,1712,1494
95,Jam2,F11r,0.6924606844510909,0.7859468746322184,-0.09348619018112747,0.22488317757009346,0.14190093708165996,1.8808653354644775,1.2172679901123047,2.008331060409546,1712,1494
96,Tslp,Crlf2,0.6913665326812851,0.7861951486172422,-0.09482861593595704,0.23656542056074767,0.17336010709504684,1.9687690734863281,1.4765143394470215,0.35599657893180847,1712,1494
97,Itga9,Vcam1,0.6809592976420297,0.7766754122633936,-0.09571611462136398,0.2283878504672897,0.1746987951807229,1.935508131980896,1.5155448913574219,2.0229880809783936,1712,1494
98,Vwf,Itgb3,0.6778716168286526,0.773913287095738,-0.09604167026708543,0.2716121495327103,0.16934404283801874,2.3167808055877686,1.4891140460968018,2.5189003944396973,1712,1494
99,Col4a1,Itga3,0.6790360092667759,0.7757132019191006,-0.09667719265232477,0.2324766355140187,0.14190093708165996,1.9567375183105469,1.2199097871780396,7.091513156890869,1712,1494
100,Thy1,Itgb2,0.4408402197959044,0.5382698204606629,-0.09742960066475848,0.804322429906542,0.7014725568942436,7.26543664932251,6.4725189208984375,1.0864776372909546,1712,1494
101,Fn1,Itga3,0.6734498572167522,0.7718521731293947,-0.09840231591264248,0.2324766355140187,0.14190093708165996,1.9567375183105469,1.2199097871780396,5.665269374847412,1712,1494
102,Lama3,Itga3,0.6880654281962834,0.7867504424434368,-0.09868501424715348,0.2324766355140187,0.14190093708165996,1.9567375183105469,1.2199097871780396,1.4434186220169067,1712,1494
103,H2-Ab1,Cd4,0.48409297088859243,0.5834791278860442,-0.09938615699745174,0.7038551401869159,0.715528781793842,6.230193614959717,6.7079854011535645,6.461980819702148,1712,1494
104,Il2,Il2rb,0.5809489032271526,0.6805929781771426,-0.09964407494998995,0.7301401869158879,0.45314591700133866,6.579375743865967,4.117067337036133,0.03880273178219795,1712,1494
105,Il4,Il13ra1,0.7813373490076241,0.8812445525367567,-0.09990720352913263,0.1022196261682243,0.04417670682730924,0.8362829089164734,0.36943909525871277,0.21229012310504913,1712,1494
106,Lama2,Itgb1,0.5218250586398561,0.6224344628887852,-0.10060940424892917,0.6816588785046729,0.6572958500669344,6.052483558654785,6.162197113037109,1.2718786001205444,1712,1494
107,Vtn,Itgb5,0.7015937205004135,0.8022086458700103,-0.10061492536959682,0.24707943925233644,0.14190093708165996,2.054210901260376,1.2112069129943848,0.20507098734378815,1712,1494
108,Jam2,Itgb1,0.5249538569940002,0.6257226213674132,-0.10076876437341298,0.6816588785046729,0.6572958500669344,6.052483558654785,6.162197113037109,2.008331060409546,1712,1494
109,Il6,Il6st,0.567718939772033,0.6685904150375482,-0.10087147526551521,0.5753504672897196,0.5950468540829986,5.027000427246094,5.429786682128906,0.08919306099414825,1712,1494
110,Fn1,Itgb3,0.6555960954212263,0.756560786026977,-0.10096469060575064,0.2716121495327103,0.16934404283801874,2.3167808055877686,1.4891140460968018,5.665269374847412,1712,1494
111,F11r,F11r,0.6843321507800617,0.7853633286843703,-0.1010311779043086,0.22488317757009346,0.14190093708165996,1.8808653354644775,1.2172679901123047,4.302900314331055,1712,1494
112,Il13,Il13ra1,0.8070269014404317,0.9095985219097333,-0.10257162046930168,0.1022196261682243,0.04417670682730924,0.8362829089164734,0.36943909525871277,0.05204610526561737,1712,1494
113,Tnc,Itgb3,0.6714576287363769,0.7745146729362845,-0.10305704419990758,0.2716121495327103,0.16934404283801874,2.3167808055877686,1.4891140460968018,1.6642721891403198,1712,1494
114,Thy1,Itgav,0.5069460644139504,0.6101281431550488,-0.10318207874109842,0.5531542056074766,0.3828647925033467,4.7819132804870605,3.3525912761688232,1.0864776372909546,1712,1494
115,Il7,Il2rg,0.507417308102481,0.6106956896096627,-0.10327838150718172,0.8276869158878505,0.7161981258366801,7.5729546546936035,6.6432318687438965,0.25374677777290344,1712,1494
116,Vtn,Itgb1,0.5618280040010248,0.6651076192753024,-0.10327961527427754,0.6816588785046729,0.6572958500669344,6.052483558654785,6.162197113037109,0.20507098734378815,1712,1494
117,Cdh1,Cdh1,0.7096764509036764,0.8132109210700154,-0.10353447016633899,0.1875,0.10575635876840696,1.5670698881149292,0.9086883068084717,3.2274091243743896,1712,1494
118,Cxcl9,Cxcr3,0.6439054800444077,0.747469470279953,-0.1035639902355453,0.2517523364485981,0.17670682730923695,2.1766631603240967,1.5541406869888306,0.39779457449913025,1712,1494
119,Lamc2,Itga3,0.6769351371435202,0.7805621318399868,-0.10362699469646663,0.2324766355140187,0.14190093708165996,1.9567375183105469,1.2199097871780396,2.041736364364624,1712,1494
120,Lamb1,Itgb1,0.5149968000045603,0.6191496938604889,-0.10415289385592863,0.6816588785046729,0.6572958500669344,6.052483558654785,6.162197113037109,1.9755010604858398,1712,1494
121,Tgfb3,Tgfbr2,0.48603892902260215,0.5912685912681228,-0.10522966224552066,0.740070093457944,0.6894243641231593,6.59084415435791,6.4028801918029785,1.9078963994979858,1712,1494
122,Itga9,Itgb1,0.5124731188026278,0.6177995467585691,-0.10532642795594127,0.6816588785046729,0.6572958500669344,6.052483558654785,6.162197113037109,2.0229880809783936,1712,1494
123,C3,Itgax,0.6368329429965481,0.7442693524288345,-0.10743640943228638,0.2908878504672897,0.17336010709504684,2.515066623687744,1.523453712463379,6.418166637420654,1712,1494
124,Dll4,Notch1,0.5839632537358785,0.6914416541562555,-0.10747840042037693,0.4894859813084112,0.4350736278447122,4.200056552886963,3.813051700592041,1.4849385023117065,1712,1494
125,Icam1,Itgax,0.640989718083618,0.7487695068414731,-0.1077797887578551,0.2908878504672897,0.17336010709504684,2.515066623687744,1.523453712463379,4.34319543838501,1712,1494
126,Col4a1,Itgb1,0.5113189409916704,0.6198792219113991,-0.10856028091972869,0.6816588785046729,0.6572958500669344,6.052483558654785,6.162197113037109,7.091513156890869,1712,1494
127,Icam2,Itgal,0.5380631687071992,0.6470794034362469,-0.10901623472904776,0.7184579439252337,0.7710843373493976,6.370395660400391,7.292726993560791,2.6659114360809326,1712,1494
128,Tslp,Il7r,0.5846971746405019,0.695414860356721,-0.1107176857162191,0.4994158878504673,0.4062918340026774,4.394804000854492,3.715707778930664,0.35599657893180847,1712,1494
129,Lama3,Itgb1,0.5363059043428242,0.6471505177823078,-0.1108446134394836,0.6816588785046729,0.6572958500669344,6.052483558654785,6.162197113037109,1.4434186220169067,1712,1494
130,Cxcl10,Cxcr3,0.6519260156821495,0.7633475078399916,-0.11142149215784214,0.2517523364485981,0.17670682730923695,2.1766631603240967,1.5541406869888306,0.2894594967365265,1712,1494
131,Dll1,Notch2,0.6280743803802499,0.7395672008731601,-0.1114928204929102,0.3662383177570093,0.3253012048192771,3.085585594177246,2.832099199295044,1.0893017053604126,1712,1494
132,Jam3,Itgb2,0.49839763676575505,0.6106075703132178,-0.11220993354746273,0.804322429906542,0.7014725568942436,7.26543664932251,6.4725189208984375,0.3635479509830475,1712,1494
133,Cxcl12,Cxcr4,0.5389904821742388,0.6513088502064411,-0.1123183680322023,0.5537383177570093,0.5240963855421686,4.888610363006592,4.791128158569336,4.319969177246094,1712,1494
134,Fn1,Itgb1,0.49503267810745066,0.6074856856613786,-0.11245300755392795,0.6816588785046729,0.6572958500669344,6.052483558654785,6.162197113037109,5.665269374847412,1712,1494
135,Spp1,Itgb3,0.6754663630399691,0.7881331677587711,-0.11266680471880197,0.2716121495327103,0.16934404283801874,2.3167808055877686,1.4891140460968018,2.048954963684082,1712,1494
136,Cdh1,Itgb1,0.5241330186844687,0.6381083980600558,-0.1139753793755871,0.6816588785046729,0.6572958500669344,6.052483558654785,6.162197113037109,3.2274091243743896,1712,1494
137,Lamc3,Itgav,0.633321994614683,0.7486563698895132,-0.11533437527483026,0.5531542056074766,0.3828647925033467,4.7819132804870605,3.3525912761688232,0.2575504779815674,1712,1494
138,Lamc2,Itgb1,0.5233038350981829,0.6392782115793707,-0.1159743764811878,0.6816588785046729,0.6572958500669344,6.052483558654785,6.162197113037109,2.041736364364624,1712,1494
139,Tgfb1,Tgfbr2,0.48687649079773,0.6034866292202311,-0.11661013842250112,0.740070093457944,0.6894243641231593,6.59084415435791,6.4028801918029785,4.899741172790527,1712,1494
140,Il4,Il2rg,0.5105228591689727,0.6279372035204154,-0.11741434435144271,0.8276869158878505,0.7161981258366801,7.5729546546936035,6.6432318687438965,0.21229012310504913,1712,1494
141,Ifng,Ifngr1,0.5592378536431831,0.6785638669700428,-0.11932601332685966,0.8165887850467289,0.4825970548862115,7.451381206512451,4.327945232391357,0.0498739629983902,1712,1494
142,Tgfb3,Tgfbr1,0.5754432234446598,0.6950283189898805,-0.11958509554522068,0.45385514018691586,0.28112449799196787,3.89577317237854,2.445789098739624,1.9078963994979858,1712,1494
143,Icam1,Itgal,0.5015814018727188,0.6212378750137996,-0.11965647314108074,0.7184579439252337,0.7710843373493976,6.370395660400391,7.292726993560791,4.34319543838501,1712,1494
144,Tnc,Itgb1,0.5171422872504826,0.637122478612087,-0.11998019136160443,0.6816588785046729,0.6572958500669344,6.052483558654785,6.162197113037109,1.6642721891403198,1712,1494
145,Lama1,Itgav,0.5964070912090245,0.7187786977236731,-0.12237160651464862,0.5531542056074766,0.3828647925033467,4.7819132804870605,3.3525912761688232,0.16024239361286163,1712,1494
146,Il18,Il18rap,0.700893835805479,0.8251801979500749,-0.12428636214459587,0.2207943925233645,0.10174029451137885,1.854851245880127,0.8885295391082764,0.7288833856582642,1712,1494
147,Dll4,Notch2,0.6196006895744229,0.7456552646297886,-0.12605457505536566,0.3662383177570093,0.3253012048192771,3.085585594177246,2.832099199295044,1.4849385023117065,1712,1494
148,Vtn,Itgav,0.6045346653219482,0.7314958229171349,-0.12696115759518667,0.5531542056074766,0.3828647925033467,4.7819132804870605,3.3525912761688232,0.20507098734378815,1712,1494
149,Itga4,Itgb7,0.45703694543862544,0.584113073172244,-0.1270761277336186,0.8101635514018691,0.5120481927710844,7.328225612640381,4.610322952270508,2.56325364112854,1712,1494
150,Spp1,Itgb5,0.6704757067821278,0.797722266875263,-0.12724656009313529,0.24707943925233644,0.14190093708165996,2.054210901260376,1.2112069129943848,2.048954963684082,1712,1494
151,Il18,Il18r1,0.5711041172844709,0.698532203271022,-0.1274280859865511,0.5350467289719626,0.4457831325301205,4.72559928894043,4.086243629455566,0.7288833856582642,1712,1494
152,Tgfb2,Tgfbr2,0.5121771396549214,0.6403081972397711,-0.12813105758484966,0.740070093457944,0.6894243641231593,6.59084415435791,6.4028801918029785,0.8607767820358276,1712,1494
153,Igf2,Itgav,0.5858906925417965,0.7145551230983407,-0.1286644305565442,0.5531542056074766,0.3828647925033467,4.7819132804870605,3.3525912761688232,0.17159707844257355,1712,1494
154,Col1a1,Itgav,0.5298064896264942,0.6586458002680258,-0.12883931064153153,0.5531542056074766,0.3828647925033467,4.7819132804870605,3.3525912761688232,3.2534241676330566,1712,1494
155,Lama1,Cd44,0.5590245100950099,0.6880422886066068,-0.1290177785115969,0.7651869158878505,0.5836680053547524,6.903959274291992,5.320945739746094,0.16024239361286163,1712,1494
156,Lamc3,Itgb8,0.7678107799615891,0.8975380156998263,-0.1297272357382372,0.18983644859813084,0.060240963855421686,1.6169737577438354,0.5212327837944031,0.2575504779815674,1712,1494
157,Tgfb1,Tgfbr1,0.5664140141424692,0.6966268261412941,-0.13021281199882495,0.45385514018691586,0.28112449799196787,3.89577317237854,2.445789098739624,4.899741172790527,1712,1494
158,Icam2,Itgb2,0.5217929635176053,0.6544667924515242,-0.13267382893391888,0.804322429906542,0.7014725568942436,7.26543664932251,6.4725189208984375,2.6659114360809326,1712,1494
159,Jam2,Itgav,0.5643042377766979,0.6978446154073669,-0.13354037763066895,0.5531542056074766,0.3828647925033467,4.7819132804870605,3.3525912761688232,2.008331060409546,1712,1494
160,Lama2,Itgav,0.5583062370248174,0.6926728627208099,-0.13436662569599245,0.5531542056074766,0.3828647925033467,4.7819132804870605,3.3525912761688232,1.2718786001205444,1712,1494
161,Icosl,Icos,0.46668064537322745,0.6012366864105626,-0.13455604103733515,0.7996495327102804,0.4344042838018742,7.343673229217529,3.893899917602539,1.5611708164215088,1712,1494
162,Fn1,Itga4,0.49249537062069526,0.6272528580306805,-0.13475748740998528,0.709696261682243,0.6532797858099063,6.357210636138916,6.104095458984375,5.665269374847412,1712,1494
163,Lamc3,Cd44,0.5859494613182246,0.7212481189173398,-0.1352986575991152,0.7651869158878505,0.5836680053547524,6.903959274291992,5.320945739746094,0.2575504779815674,1712,1494
164,Spp1,Itgb1,0.521407585666784,0.6568876503306306,-0.13548006466384654,0.6816588785046729,0.6572958500669344,6.052483558654785,6.162197113037109,2.048954963684082,1712,1494
165,Tgfb2,Tgfbr1,0.5912299840592491,0.727820584395766,-0.13659060033651693,0.45385514018691586,0.28112449799196787,3.89577317237854,2.445789098739624,0.8607767820358276,1712,1494
166,Vtn,Itgb8,0.7575696483077432,0.8958235042163428,-0.13825385590859962,0.18983644859813084,0.060240963855421686,1.6169737577438354,0.5212327837944031,0.20507098734378815,1712,1494
167,Lama1,Itgb8,0.7501450111103611,0.8891688443185849,-0.13902383320822376,0.18983644859813084,0.060240963855421686,1.6169737577438354,0.5212327837944031,0.16024239361286163,1712,1494
168,Vwf,Itgav,0.5706313685830341,0.7101499698780654,-0.13951860129503135,0.5531542056074766,0.3828647925033467,4.7819132804870605,3.3525912761688232,2.5189003944396973,1712,1494
169,Lamb1,Itgav,0.5518573178057086,0.6917298759323136,-0.13987255812660504,0.5531542056074766,0.3828647925033467,4.7819132804870605,3.3525912761688232,1.9755010604858398,1712,1494
170,C3,Itgb2,0.4685068514028466,0.6088952298188207,-0.14038837841597412,0.804322429906542,0.7014725568942436,7.26543664932251,6.4725189208984375,6.418166637420654,1712,1494
171,Col1a1,Cd44,0.4790234128609953,0.6196329044297525,-0.14060949156875718,0.7651869158878505,0.5836680053547524,6.903959274291992,5.320945739746094,3.2534241676330566,1712,1494
172,Lama3,Itgav,0.5759638566206183,0.7178907103079537,-0.14192685368733537,0.5531542056074766,0.3828647925033467,4.7819132804870605,3.3525912761688232,1.4434186220169067,1712,1494
173,Col4a1,Itgav,0.5510689965135279,0.6933085503435422,-0.1422395538300143,0.5531542056074766,0.3828647925033467,4.7819132804870605,3.3525912761688232,7.091513156890869,1712,1494
174,Il10,Il10ra,0.6151993005538934,0.7590156976141684,-0.14381639706027505,0.4135514018691589,0.15930388219544847,3.5185370445251465,1.3753256797790527,0.036466892808675766,1712,1494
175,Icam1,Itgb2,0.4834860604053302,0.62774643459532,-0.14426037418998977,0.804322429906542,0.7014725568942436,7.26543664932251,6.4725189208984375,4.34319543838501,1712,1494
176,Lama3,Itgb8,0.7423619366476406,0.8877272537035492,-0.1453653170559086,0.18983644859813084,0.060240963855421686,1.6169737577438354,0.5212327837944031,1.4434186220169067,1712,1494
177,Fn1,Itgav,0.532156897012355,0.6805196260523018,-0.14836272903994674,0.5531542056074766,0.3828647925033467,4.7819132804870605,3.3525912761688232,5.665269374847412,1712,1494
178,Ccl5,Ccr4,0.5694345523745054,0.718111383177788,-0.14867683080328264,0.4392523364485981,0.2744310575635877,3.86578369140625,2.4332191944122314,0.6094133257865906,1712,1494
179,Lama2,Itgb8,0.7235142823046743,0.8727226198130452,-0.14920833750837093,0.18983644859813084,0.060240963855421686,1.6169737577438354,0.5212327837944031,1.2718786001205444,1712,1494
180,Col1a1,Itgb8,0.7013497814346039,0.8508685919885618,-0.14951881055395788,0.18983644859813084,0.060240963855421686,1.6169737577438354,0.5212327837944031,3.2534241676330566,1712,1494
181,Lamc2,Itgav,0.5610671769685878,0.7113879874037552,-0.15032081043516743,0.5531542056074766,0.3828647925033467,4.7819132804870605,3.3525912761688232,2.041736364364624,1712,1494
182,Lamb1,Itgb8,0.7222750717876117,0.8736137071660608,-0.15133863537844905,0.18983644859813084,0.060240963855421686,1.6169737577438354,0.5212327837944031,1.9755010604858398,1712,1494
183,Col4a1,Itgb8,0.7244205228209515,0.8758015472264797,-0.15138102440552825,0.18983644859813084,0.060240963855421686,1.6169737577438354,0.5212327837944031,7.091513156890869,1712,1494
184,Lamc2,Itgb8,0.7332557931002027,0.8852929403030403,-0.15203714720283756,0.18983644859813084,0.060240963855421686,1.6169737577438354,0.5212327837944031,2.041736364364624,1712,1494
185,Tnc,Itgav,0.5552617193432465,0.7078224538901973,-0.15256073454695074,0.5531542056074766,0.3828647925033467,4.7819132804870605,3.3525912761688232,1.6642721891403198,1712,1494
186,Itgb2,Icam1,0.5488516114528649,0.7019897673935098,-0.15313815594064495,0.45093457943925236,0.23694779116465864,3.8981146812438965,2.060802698135376,3.785571813583374,1712,1494
187,Lama2,Cd44,0.5043947841697549,0.6586331199466668,-0.15423833577691193,0.7651869158878505,0.5836680053547524,6.903959274291992,5.320945739746094,1.2718786001205444,1712,1494
188,Spp1,Itga4,0.5263755168193408,0.6810700490768309,-0.15469453225749008,0.709696261682243,0.6532797858099063,6.357210636138916,6.104095458984375,2.048954963684082,1712,1494
189,Fn1,Itgb8,0.7117768736987696,0.8681157547392209,-0.15633888104045124,0.18983644859813084,0.060240963855421686,1.6169737577438354,0.5212327837944031,5.665269374847412,1712,1494
190,Lamb1,Cd44,0.5003048219385746,0.6569470310159751,-0.15664220907740045,0.7651869158878505,0.5836680053547524,6.903959274291992,5.320945739746094,1.9755010604858398,1712,1494
191,Il15,Il2rb,0.5004352736436615,0.6593068551096348,-0.15887158146597335,0.7301401869158879,0.45314591700133866,6.579375743865967,4.117067337036133,0.5906714200973511,1712,1494
192,Lama3,Cd44,0.5270956610286339,0.6870796153880677,-0.1599839543594338,0.7651869158878505,0.5836680053547524,6.903959274291992,5.320945739746094,1.4434186220169067,1712,1494
193,Col4a1,Cd44,0.49909040601672067,0.6591907003221571,-0.16010029430543643,0.7651869158878505,0.5836680053547524,6.903959274291992,5.320945739746094,7.091513156890869,1712,1494
194,Cdh1,Itgb7,0.5016794242733397,0.663569143715789,-0.16188971944244934,0.8101635514018691,0.5120481927710844,7.328225612640381,4.610322952270508,3.2274091243743896,1712,1494
195,Fn1,Itgb7,0.46954520038530206,0.6331847253071955,-0.16363952492189343,0.8101635514018691,0.5120481927710844,7.328225612640381,4.610322952270508,5.665269374847412,1712,1494
196,Spp1,Itgav,0.559424818917026,0.7232236103490041,-0.16379879143197806,0.5531542056074766,0.3828647925033467,4.7819132804870605,3.3525912761688232,2.048954963684082,1712,1494
197,Lamc2,Cd44,0.5140717062562177,0.6797958614045007,-0.16572415514828298,0.7651869158878505,0.5836680053547524,6.903959274291992,5.320945739746094,2.041736364364624,1712,1494
198,Fn1,Cd44,0.47897479993529457,0.645193156506182,-0.16621835657088746,0.7651869158878505,0.5836680053547524,6.903959274291992,5.320945739746094,5.665269374847412,1712,1494
199,Icosl,Ctla4,0.4591352457009397,0.6395779064088655,-0.18044266070792575,0.8615654205607477,0.2965194109772423,8.04983139038086,2.6556804180145264,1.5611708164215088,1712,1494
200,Spp1,Cd44,0.5117583417419422,0.6945082504427058,-0.18274990870076357,0.7651869158878505,0.5836680053547524,6.903959274291992,5.320945739746094,2.048954963684082,1712,1494
201,Il33,Il1rl1,0.6430284170189637,0.8294503526311215,-0.1864219356121578,0.3142523364485981,0.0823293172690763,2.846580982208252,0.7745139002799988,2.699615955352783,1712,1494
202,Cd80,Ctla4,0.44938589166265785,0.6495608237073827,-0.2001749320447248,0.8615654205607477,0.2965194109772423,8.04983139038086,2.6556804180145264,0.3400360643863678,1712,1494
203,Cd86,Ctla4,0.4495354346501759,0.669381800664522,-0.2198463660143461,0.8615654205607477,0.2965194109772423,8.04983139038086,2.6556804180145264,0.9740771055221558,1712,1494
204,Il2,Il2ra,0.6003281543199491,0.8269313084263239,-0.22660315410637477,0.6098130841121495,0.0963855421686747,5.446270942687988,0.8578312397003174,0.03880273178219795,1712,1494
205,Cxcl16,Cxcr6,0.5303906042236554,0.7798572670798238,-0.24946666285616848,0.5029205607476636,0.1392235609103079,4.444152355194092,1.2432137727737427,3.6949381828308105,1712,1494
206,Ccl3,Ccr5,0.581938659234198,0.8347233155012015,-0.2527846562670035,0.4719626168224299,0.07563587684069611,4.1155924797058105,0.6456659436225891,0.26408442854881287,1712,1494
207,Ccl4,Ccr5,0.5755112957293049,0.8351243418685887,-0.2596130461392838,0.4719626168224299,0.07563587684069611,4.1155924797058105,0.6456659436225891,0.1555214375257492,1712,1494
208,Ccl5,Ccr5,0.5527527800264129,0.8185952258907031,-0.2658424458642902,0.4719626168224299,0.07563587684069611,4.1155924797058105,0.6456659436225891,0.6094133257865906,1712,1494
209,Cdh1,Itgae,0.5553124890165037,0.8436332217376336,-0.2883207327211299,0.6191588785046729,0.07429718875502007,5.657225608825684,0.6628133058547974,3.2274091243743896,1712,1494
210,Cdh1,Klrg1,0.6169178401135406,0.9195332179595296,-0.302615377845989,0.37207943925233644,0.02610441767068273,3.363140106201172,0.23717637360095978,3.2274091243743896,1712,1494
