,names,logfoldchanges,pvals_adj,group
0,H2-Ab1,4.8000917,0.0,in-TLS
1,H2-DMb2,5.5941296,0.0,in-TLS
2,Ptprc,4.4867673,0.0,in-TLS
3,Icosl,3.6324644,0.0,in-TLS
4,Sell,3.0541062,0.0,in-TLS
5,Cxcl13,3.2524288,1.181112897393345e-264,in-TLS
6,Tgfb1,1.2214162,2.4040574797196806e-226,in-TLS
7,Thy1,2.149577,2.818328058407464e-191,in-TLS
8,Ccl20,4.024129,1.1278453331920788e-74,in-TLS
9,Ccl19,1.9478834,2.6167185172768494e-67,in-TLS
10,Cxcl16,0.59318024,1.2671927296825673e-59,in-TLS
11,Cd86,1.2013277,4.5499365347772475e-57,in-TLS
12,Pdcd1lg2,1.4768965,6.204028721836844e-51,in-TLS
13,Flt3l,0.7880051,8.372354396862614e-34,in-TLS
14,Cd40lg,2.1069682,2.7876627288588475e-31,in-TLS
15,Cxcl9,1.5218835,2.4794904141104323e-30,in-TLS
16,Cd80,1.5251493,9.10889573620804e-29,in-TLS
17,Col1a1,0.44105121,6.5476406491941474e-21,in-TLS
18,Tgfb3,0.47999284,1.613011138434314e-19,in-TLS
19,Ccl21a,1.0852265,4.548855904210605e-19,in-TLS
20,Cd226,1.1303186,4.897987440211388e-19,in-TLS
21,Ccl5,0.6223774,2.451759121161981e-08,in-TLS
22,Reln,1.0919402,6.571388708803762e-08,in-TLS
23,Cxcl10,0.81201047,1.3916765046093464e-05,in-TLS
24,Cd8a,0.6235518,0.02716553737657058,in-TLS
25,Il17a,0.8304333,0.10519252115849634,in-TLS
26,Nmb,0.42712367,0.1311223491734644,in-TLS
27,Cd274,0.11005113,0.17180334953433773,in-TLS
28,Jam3,0.22563453,0.2316108199088075,in-TLS
29,Pomc,0.15491962,0.2983797533472206,in-TLS
30,Ncam1,0.38324478,0.32443217119642953,in-TLS
31,Il7,0.187091,0.4749048935393979,in-TLS
32,Ccl25,0.025019914,0.9587693026909041,in-TLS
33,Ccl4,-0.42850843,0.2929003988273139,in-TLS
34,Il6,-1.0036956,0.211828020781017,in-TLS
35,Il4,-0.524451,0.1576036578974414,in-TLS
36,Lama1,-0.64164644,0.14002340760948487,in-TLS
37,Adm,-0.35683084,0.11898775175465533,in-TLS
38,Gzma,-1.2388666,0.007503060945707931,in-TLS
39,Igf2,-1.8381404,0.0005747948882270508,in-TLS
40,Vtn,-1.4651177,0.0004884430732550952,in-TLS
41,Ccl3,-1.0915791,0.0003977728072110387,in-TLS
42,Il15,-0.5938641,2.3739455406724987e-06,in-TLS
43,Tslp,-1.2676524,2.558844713307899e-08,in-TLS
44,Lamc3,-2.6302707,9.660512869841867e-10,in-TLS
45,Gdnf,-1.405972,8.910697660440836e-11,in-TLS
46,Il1b,-0.812768,6.622144805215272e-11,in-TLS
47,Areg,-1.6606722,8.269760763177967e-15,in-TLS
48,Ccl11,-0.8970392,7.684239046478497e-15,in-TLS
49,Tgfb2,-0.9118428,8.936392609005671e-19,in-TLS
50,Cx3cl1,-0.83935404,1.2498523716311068e-21,in-TLS
51,Il18,-1.4011049,2.378491845657049e-27,in-TLS
52,Scgb3a2,-1.7334547,1.9252101837600608e-38,in-TLS
53,C3,-0.8404858,1.3335713737653223e-47,in-TLS
54,Cxcl12,-0.96514165,6.1964124678417e-49,in-TLS
55,Dll1,-1.4614027,1.3312234009464093e-51,in-TLS
56,Lama2,-1.4795147,3.436490540866986e-66,in-TLS
57,Icam1,-1.025336,4.545834840804961e-72,in-TLS
58,Lama3,-1.6932731,2.0892544602994833e-91,in-TLS
59,Lamb1,-1.3890009,2.282984663017225e-94,in-TLS
60,Tnc,-1.7429241,1.1767941527914198e-109,in-TLS
61,Lamc2,-1.5727895,1.223961038704519e-118,in-TLS
62,Il33,-1.4288901,4.1160251621242284e-123,in-TLS
63,Dll4,-2.3374283,1.1970598294009045e-151,in-TLS
64,Spp1,-1.9610093,9.977818935940424e-162,in-TLS
65,Jam2,-2.1273005,8.084103895149911e-198,in-TLS
66,Icam2,-2.229185,5.910205819565934e-277,in-TLS
67,Fn1,-1.9805142,5.038268556943007e-305,in-TLS
68,Pecam1,-1.9738529,0.0,in-TLS
69,Cd34,-2.5484033,0.0,in-TLS
70,Cdh1,-2.691894,0.0,in-TLS
71,Vwf,-3.2179627,0.0,in-TLS
72,F11r,-2.6986809,0.0,in-TLS
73,Col4a1,-3.74998,0.0,in-TLS
74,Cdh5,-4.491713,0.0,in-TLS
75,Col1a1,0.8735417,8.26134722881772e-126,near-TLS
76,H2-Ab1,0.7657851,1.0608563194786119e-108,near-TLS
77,Ccl21a,1.2524946,7.43817319996535e-49,near-TLS
78,Fn1,0.43290052,1.280080114153291e-32,near-TLS
79,Tgfb3,0.48019385,1.4771757167505743e-31,near-TLS
80,Cxcl16,0.38037667,2.0939294669059832e-27,near-TLS
81,Cd34,0.37799448,1.0217522225973227e-24,near-TLS
82,Thy1,0.5743273,1.666915014146217e-24,near-TLS
83,Ptprc,0.3459863,1.97806858610985e-15,near-TLS
84,Ccl19,0.73500794,6.935830728745929e-15,near-TLS
85,Ccl11,0.51879466,7.210616992383128e-15,near-TLS
86,Reln,1.1307285,1.6673207436797644e-14,near-TLS
87,Ccl5,0.53390944,2.8063196891465007e-11,near-TLS
88,H2-DMb2,0.28048992,2.8063196891465007e-11,near-TLS
89,Spp1,0.25267705,1.845999096428401e-08,near-TLS
90,Il33,0.23808284,2.225274556399807e-07,near-TLS
91,Cxcl9,0.55864143,3.1713517528761254e-07,near-TLS
92,Icosl,0.21023753,1.4586565680569593e-05,near-TLS
93,Tgfb1,0.19807068,4.0167672192575375e-05,near-TLS
94,Tnc,0.19351164,6.447902227769411e-05,near-TLS
95,Flt3l,0.19810922,6.556857288732277e-05,near-TLS
96,Jam2,0.16554601,0.00011416403952807888,near-TLS
97,Cd86,0.18690945,0.001969678727350247,near-TLS
98,Cd226,0.27242067,0.014284222324538003,near-TLS
99,Cxcl12,0.118898906,0.019760842071257955,near-TLS
100,Ccl3,0.38376406,0.020806073202690095,near-TLS
101,Cd274,0.13293645,0.026123429474250757,near-TLS
102,Il7,0.32255363,0.04305404555594723,near-TLS
103,Cxcl10,0.29927588,0.07517474747657095,near-TLS
104,Cd40lg,0.32405058,0.1175516702506353,near-TLS
105,Cd80,0.2113132,0.11973511867516373,near-TLS
106,Il15,0.13637574,0.13567980895336304,near-TLS
107,Pdcd1lg2,0.12222064,0.19964674617300304,near-TLS
108,Cd8a,0.30599248,0.20278635661858702,near-TLS
109,C3,0.12374105,0.22636729581500084,near-TLS
110,Ccl4,0.33015135,0.2318535170869724,near-TLS
111,Jam3,0.15383653,0.23505898080601936,near-TLS
112,Dll1,0.06273342,0.328660392374725,near-TLS
113,Lama1,0.25717947,0.33099024638479413,near-TLS
114,Gdnf,0.095185526,0.44913077934939805,near-TLS
115,Il4,0.17724217,0.44913077934939805,near-TLS
116,Sell,0.042327028,0.5209986242292047,near-TLS
117,Il1b,0.06360173,0.5373222941805548,near-TLS
118,Il17a,0.25671846,0.5712321850702251,near-TLS
119,Adm,0.091460966,0.5924120416943887,near-TLS
120,Lama2,0.029389525,0.6128784203594698,near-TLS
121,Ncam1,0.12820701,0.6927473623432607,near-TLS
122,Il6,0.1211912,0.7994077609078748,near-TLS
123,Nmb,0.02624872,0.8963697479667543,near-TLS
124,Gzma,0.009219837,0.9409716846520061,near-TLS
125,Igf2,-0.039876483,0.8783702351258573,near-TLS
126,Vtn,-0.049131088,0.8491079006617513,near-TLS
127,Tslp,-0.039041962,0.7998523509125578,near-TLS
128,Pomc,-0.06922051,0.524687373911375,near-TLS
129,Ccl25,-0.13280179,0.48618422623444973,near-TLS
130,Lamb1,-0.034262415,0.4335739933104136,near-TLS
131,Lamc2,-0.03534134,0.41925361545851414,near-TLS
132,Dll4,-0.060768522,0.2659073008769603,near-TLS
133,Tgfb2,-0.08202251,0.26292893267674905,near-TLS
134,Ccl20,-0.5653206,0.24180265424183187,near-TLS
135,Areg,-0.16200516,0.20278635661858702,near-TLS
136,Col4a1,0.013160666,0.17845389399454936,near-TLS
137,Vwf,-0.09391026,0.028563130084721725,near-TLS
138,Lamc3,-0.4351031,0.0256447186198716,near-TLS
139,Cx3cl1,-0.17560005,0.0025836609142800507,near-TLS
140,Cxcl13,-0.37231717,0.0006429059372836456,near-TLS
141,F11r,-0.11573653,3.3839932087240486e-05,near-TLS
142,Pecam1,-0.109479815,2.8171078512300998e-06,near-TLS
143,Il18,-0.372111,1.908027517630278e-06,near-TLS
144,Lama3,-0.26311982,2.1345981400627301e-07,near-TLS
145,Icam1,-0.20100316,1.2810369877327212e-10,near-TLS
146,Icam2,-0.25950134,5.2297031926592156e-12,near-TLS
147,Cdh5,-0.2529194,2.2056593998030495e-20,near-TLS
148,Scgb3a2,-0.77498746,1.3319261245435835e-21,near-TLS
149,Cdh1,-0.5809966,6.1445632583884865e-61,near-TLS
150,Scgb3a2,5.7890387,0.0,near-Br
151,C3,0.868988,0.0,near-Br
152,Cdh1,0.6507702,4.934000994708979e-177,near-Br
153,Col1a1,0.725301,3.4600732798635786e-151,near-Br
154,Tgfb3,0.6005144,2.0445540988521872e-78,near-Br
155,Lama2,0.73119617,1.910714409049625e-76,near-Br
156,Lamc3,1.8748662,1.0024148342349648e-63,near-Br
157,Cx3cl1,0.46047556,9.373228307648776e-27,near-Br
158,Ccl21a,0.69118136,9.660910999834044e-20,near-Br
159,Areg,0.7176068,5.324403962321531e-19,near-Br
160,Lamb1,0.26562294,2.6500093660423246e-16,near-Br
161,Ccl11,0.44369498,9.818460602229943e-15,near-Br
162,Flt3l,0.2859408,8.400518614541949e-14,near-Br
163,Nmb,0.6156231,1.9845256358710963e-05,near-Br
164,Il7,0.37958157,0.003175354073978241,near-Br
165,Adm,0.30724382,0.010738435524621393,near-Br
166,Reln,0.31280574,0.032603701057899184,near-Br
167,Thy1,0.07979364,0.11774180527469585,near-Br
168,Ccl25,0.1903093,0.16747767045944728,near-Br
169,Jam3,0.1312204,0.22531589095978022,near-Br
170,Il17a,0.3332357,0.309212648404346,near-Br
171,Igf2,0.1982335,0.32128873658227053,near-Br
172,Tgfb2,0.045526247,0.4219360832518785,near-Br
173,Il6,0.090003856,0.8581753199875841,near-Br
174,Ccl20,0.0010468634,0.9141004775260401,near-Br
175,Tslp,0.013535117,0.9397703167485304,near-Br
176,Cd40lg,-0.028242784,0.9141004775260401,near-Br
177,Cd226,-0.035569787,0.7218720800636023,near-Br
178,Il4,-0.10242954,0.5711634342597356,near-Br
179,Ncam1,-0.27166048,0.2854740407995826,near-Br
180,Ccl4,-0.37966558,0.10257925296609169,near-Br
181,Gzma,-0.41868785,0.04813205853151061,near-Br
182,Pomc,-0.16965781,0.026872303154694275,near-Br
183,Vtn,-0.47415388,0.007906580761260194,near-Br
184,Cd8a,-0.5642267,0.005856827180136305,near-Br
185,Lama1,-0.6253388,0.005490268071022369,near-Br
186,Cxcl10,-0.37544766,0.004761722477201685,near-Br
187,Ccl19,-0.2754884,0.002776510683891729,near-Br
188,Ccl3,-0.5094193,0.0004684272369087293,near-Br
189,Il15,-0.26231828,8.608300277282542e-05,near-Br
190,Cd80,-0.41902778,8.318082787463203e-05,near-Br
191,Cxcl9,-0.4784562,7.151522385843666e-06,near-Br
192,Cd86,-0.23313335,1.126468159288513e-06,near-Br
193,Il18,-0.3070142,2.887784415790805e-07,near-Br
194,F11r,-0.20884536,2.3349983626691078e-07,near-Br
195,Cxcl13,-0.50489426,1.1088714269800054e-09,near-Br
196,Ccl5,-0.4872015,8.721511358938891e-11,near-Br
197,Icosl,-0.26529765,3.916752109839522e-12,near-Br
198,Gdnf,-0.76900345,7.700055825842925e-15,near-Br
199,Jam2,-0.3455691,5.709345942400038e-23,near-Br
200,Dll4,-0.41263837,1.1898545013440916e-24,near-Br
201,Pdcd1lg2,-0.7549955,3.30269929113872e-25,near-Br
202,Il1b,-0.68481314,1.8395997963146827e-26,near-Br
203,Cxcl12,-0.47187835,5.7303022711221354e-34,near-Br
204,Cd34,-0.4808027,2.7939281230257603e-49,near-Br
205,Fn1,-0.40291518,2.315367985179016e-50,near-Br
206,Tnc,-0.6229909,6.136729784714873e-58,near-Br
207,Lama3,-0.6586548,5.675192917496975e-59,near-Br
208,Cd274,-0.7800088,5.961339927107629e-62,near-Br
209,Sell,-1.0246935,1.9620961419831066e-78,near-Br
210,Dll1,-0.9179514,1.1100254943122673e-82,near-Br
211,Cxcl16,-0.611739,2.389641637596075e-87,near-Br
212,Vwf,-0.7137194,1.2200776998601449e-95,near-Br
213,Lamc2,-0.9431434,1.562030932299278e-161,near-Br
214,Spp1,-1.1521566,5.368145709435691e-215,near-Br
215,Icam2,-1.1264868,7.45566857991163e-246,near-Br
216,Il33,-1.2669238,1.3228856003046106e-297,near-Br
217,Icam1,-1.0753094,6.764666727571047e-300,near-Br
218,Ptprc,-1.2535387,0.0,near-Br
219,H2-DMb2,-1.29737,0.0,near-Br
220,Tgfb1,-1.4869636,0.0,near-Br
221,Cdh5,-1.7531819,0.0,near-Br
222,Col4a1,-1.4391599,0.0,near-Br
223,H2-Ab1,-1.7221872,0.0,near-Br
224,Pecam1,-1.9067215,0.0,near-Br
225,Cdh5,2.4630575,0.0,far
226,Col4a1,1.9442692,0.0,far
227,Pecam1,1.9456818,0.0,far
228,Icam2,1.4513398,0.0,far
229,Icam1,1.1467476,0.0,far
230,Vwf,1.222735,0.0,far
231,Il33,1.1382298,0.0,far
232,Spp1,1.1251786,5.931136542964994e-285,far
233,Lamc2,1.0524731,2.8858072024624687e-274,far
234,F11r,0.8274966,2.2416839993220844e-205,far
235,Lama3,0.95792073,7.438639401098781e-169,far
236,Cd34,0.7410626,9.475315783682623e-147,far
237,Tgfb1,0.7346976,3.598707401970417e-140,far
238,Dll1,0.9150242,3.953298024141839e-119,far
239,Dll4,0.77133197,5.816493546310067e-112,far
240,Fn1,0.5419947,1.4393843787941716e-110,far
241,Tnc,0.7163583,3.4755500487414933e-104,far
242,Jam2,0.6090175,2.311315644489414e-90,far
243,Cxcl12,0.51776105,2.568183783145961e-56,far
244,Il18,0.67297035,4.14039675686848e-40,far
245,Cd274,0.46700275,4.899466196861699e-33,far
246,Il1b,0.62530464,1.2096300921092614e-32,far
247,Gdnf,0.7334103,2.2914895481377296e-20,far
248,Cdh1,0.38565505,3.135456904889141e-17,far
249,Il15,0.24751855,8.058891372453889e-06,far
250,Tgfb2,0.19260025,1.1708055059307286e-05,far
251,Vtn,0.6073431,2.9456759730787674e-05,far
252,Lamb1,0.1140779,0.0008327153850516589,far
253,Gzma,0.5118043,0.0030394503548722817,far
254,Ccl3,0.34704444,0.003191156921052948,far
255,Tslp,0.23212056,0.005452967183557649,far
256,Lama1,0.42166525,0.018869181183118658,far
257,Pomc,0.12357284,0.05060659767424575,far
258,Cxcl16,0.12931156,0.14044742564320212,far
259,Ccl4,0.18074955,0.34201467044697453,far
260,Igf2,0.13316688,0.4005047480361657,far
261,Pdcd1lg2,0.035354286,0.493872671253474,far
262,Il4,0.09023305,0.5668669466146373,far
263,Cd8a,0.057089586,0.779655818869922,far
264,Il6,0.044639,0.8525591318867024,far
265,Ncam1,0.031571753,0.8583462245858827,far
266,Ccl25,-0.087365754,0.5437651334540162,far
267,Cxcl10,-0.11514825,0.34201467044697453,far
268,Ccl5,-0.098104104,0.06835384191453894,far
269,Adm,-0.2109718,0.05982389253279832,far
270,Il17a,-0.6405264,0.030208339309680393,far
271,Cx3cl1,-0.09214404,0.018476552318899907,far
272,Jam3,-0.23415643,0.008519849699325495,far
273,Areg,-0.22986256,0.003965536001035134,far
274,Cd80,-0.28553045,0.0021603374371912377,far
275,Sell,-0.19198759,9.139848672804785e-06,far
276,Il7,-0.51608866,6.238705212911674e-06,far
277,Nmb,-0.62259907,5.173108634485866e-06,far
278,Cxcl9,-0.43183282,1.508408473234771e-07,far
279,Cd86,-0.2351648,1.5347343689612825e-08,far
280,Cd226,-0.4357648,6.58877509295279e-09,far
281,Cd40lg,-0.9314848,1.7333324226577468e-11,far
282,Ccl20,-2.1065,3.0890092115742455e-15,far
283,Lama2,-0.2893895,2.965435825416846e-16,far
284,Ccl11,-0.43960702,6.077576405924869e-18,far
285,Cxcl13,-0.6109662,2.8740159232729464e-18,far
286,Lamc3,-1.1553717,4.8625572198017726e-23,far
287,Reln,-1.2835784,6.587676781448164e-24,far
288,Ccl19,-0.83543426,1.3912568321922214e-29,far
289,Ptprc,-0.3078539,7.430566203247184e-43,far
290,Flt3l,-0.5107215,4.245630930708051e-53,far
291,Ccl21a,-1.6252166,3.095293799713978e-115,far
292,Thy1,-0.94607395,4.153232878205414e-117,far
293,H2-DMb2,-0.51078963,9.77412600381398e-125,far
294,Icosl,-0.8631945,4.442035529250774e-161,far
295,Tgfb3,-0.8174982,2.2527998463097797e-186,far
296,H2-Ab1,-0.2019765,7.111759623231264e-190,far
297,C3,-0.52327216,3.042283234044081e-283,far
298,Col1a1,-1.0956236,0.0,far
299,Scgb3a2,-5.0349092,0.0,far
