,ligand,receptor,JS_Th0,JS_Th2,delta,frac_pos_Th0,frac_pos_Th2,mean_recep_Th0,mean_recep_Th2,mean_lig,n_Th0,n_Th2
0,Il33,Il1rl1,0.8294503526311215,0.5952288755402465,0.23422147709087504,0.0823293172690763,0.8802721088435375,0.7745139002799988,8.684691429138184,2.699615955352783,1494,735
1,Cdh1,Klrg1,0.9195332179595296,0.736144370754322,0.18338884720520754,0.02610441767068273,0.39727891156462586,0.23717637360095978,3.532909870147705,3.2274091243743896,1494,735
2,Cxcl16,Cxcr6,0.7798572670798238,0.6186150573595958,0.16124220972022807,0.1392235609103079,0.763265306122449,1.2432137727737427,6.921849727630615,3.6949381828308105,1494,735
3,Nmu,Nmur1,0.9896972813684083,0.8732843166347479,0.11641296473366036,0.0013386880856760374,0.15374149659863945,0.010911751538515091,1.2768616676330566,0.023760652169585228,1494,735
4,Spp1,Cd44,0.6945082504427058,0.6152960401178358,0.07921221032487002,0.5836680053547524,0.8163265306122449,5.320945739746094,7.518880367279053,2.048954963684082,1494,735
5,Spp1,Itgb3,0.7881331677587711,0.7100739124793959,0.07805925527937518,0.16934404283801874,0.4489795918367347,1.4891140460968018,3.92649507522583,2.048954963684082,1494,735
6,Il2,Il2ra,0.8269313084263239,0.7506280198144564,0.07630328861186753,0.0963855421686747,0.4639455782312925,0.8578312397003174,4.089145183563232,0.03880273178219795,1494,735
7,Il25,Il17rb,0.9272565621348625,0.8592629527737226,0.06799360936113996,0.03614457831325301,0.1891156462585034,0.3208608329296112,1.6409366130828857,0.02267233282327652,1494,735
8,Tnc,Itgb3,0.7745146729362845,0.70653299243581,0.06798168050047448,0.16934404283801874,0.4489795918367347,1.4891140460968018,3.92649507522583,1.6642721891403198,1494,735
9,Vwf,Itgb3,0.773913287095738,0.7059417549634278,0.06797153213231022,0.16934404283801874,0.4489795918367347,1.4891140460968018,3.92649507522583,2.5189003944396973,1494,735
10,Lama3,Cd44,0.6870796153880677,0.622138035315979,0.06494158007208872,0.5836680053547524,0.8163265306122449,5.320945739746094,7.518880367279053,1.4434186220169067,1494,735
11,Dll4,Notch2,0.7456552646297886,0.6817257697229879,0.06392949490680067,0.3253012048192771,0.54421768707483,2.832099199295044,4.692149639129639,1.4849385023117065,1494,735
12,Lamc2,Cd44,0.6797958614045007,0.6165671296189331,0.06322873178556754,0.5836680053547524,0.8163265306122449,5.320945739746094,7.518880367279053,2.041736364364624,1494,735
13,Vtn,Itgb3,0.78991050249679,0.7307221198069882,0.059188382689801755,0.16934404283801874,0.4489795918367347,1.4891140460968018,3.92649507522583,0.20507098734378815,1494,735
14,Fn1,Itgb3,0.756560786026977,0.6996743775981312,0.056886408428845736,0.16934404283801874,0.4489795918367347,1.4891140460968018,3.92649507522583,5.665269374847412,1494,735
15,Dll1,Notch2,0.7395672008731601,0.6863723541395431,0.05319484673361696,0.3253012048192771,0.54421768707483,2.832099199295044,4.692149639129639,1.0893017053604126,1494,735
16,Igf2,Itgb3,0.7778804431458349,0.7253225933819123,0.05255784976392264,0.16934404283801874,0.4489795918367347,1.4891140460968018,3.92649507522583,0.17159707844257355,1494,735
17,Lamc3,Cd44,0.7212481189173398,0.6691272163568971,0.05212090256044266,0.5836680053547524,0.8163265306122449,5.320945739746094,7.518880367279053,0.2575504779815674,1494,735
18,Tslp,Il7r,0.695414860356721,0.6446955433234492,0.050719317033271705,0.4062918340026774,0.7510204081632653,3.715707778930664,6.877195835113525,0.35599657893180847,1494,735
19,Col4a1,Cd44,0.6591907003221571,0.6109339142184367,0.04825678610372042,0.5836680053547524,0.8163265306122449,5.320945739746094,7.518880367279053,7.091513156890869,1494,735
20,Lamb1,Cd44,0.6569470310159751,0.6130420571331657,0.04390497388280934,0.5836680053547524,0.8163265306122449,5.320945739746094,7.518880367279053,1.9755010604858398,1494,735
21,Lama1,Cd44,0.6880422886066068,0.646319188469125,0.04172310013748182,0.5836680053547524,0.8163265306122449,5.320945739746094,7.518880367279053,0.16024239361286163,1494,735
22,Fn1,Cd44,0.645193156506182,0.6037431752712065,0.041449981234975564,0.5836680053547524,0.8163265306122449,5.320945739746094,7.518880367279053,5.665269374847412,1494,735
23,Il18,Il18rap,0.8251801979500749,0.7852038239658788,0.03997637398419607,0.10174029451137885,0.2707482993197279,0.8885295391082764,2.3530218601226807,0.7288833856582642,1494,735
24,Lama2,Cd44,0.6586331199466668,0.6205612406009957,0.038071879345671134,0.5836680053547524,0.8163265306122449,5.320945739746094,7.518880367279053,1.2718786001205444,1494,735
25,Spp1,Itgb1,0.6568876503306306,0.620093584012381,0.03679406631824955,0.6572958500669344,0.8149659863945579,6.162197113037109,7.513216018676758,2.048954963684082,1494,735
26,Cd274,Pdcd1,0.7272771111059912,0.6913179856714562,0.035959125434535055,0.31994645247657294,0.49523809523809526,2.8488211631774902,4.4150261878967285,1.0848660469055176,1494,735
27,Spp1,Itgav,0.7232236103490041,0.6889039831977363,0.034319627151267795,0.3828647925033467,0.508843537414966,3.3525912761688232,4.385475158691406,2.048954963684082,1494,735
28,Spp1,Itga8,0.8710032235399371,0.8373752062355718,0.033628017304365265,0.060240963855421686,0.16326530612244897,0.5039812922477722,1.3764744997024536,2.048954963684082,1494,735
29,Tnc,Itga8,0.8625869229775348,0.8314469012290777,0.031140021748457092,0.060240963855421686,0.16326530612244897,0.5039812922477722,1.3764744997024536,1.6642721891403198,1494,735
30,Cdh1,Cdh1,0.8132109210700154,0.7820808719492719,0.031130049120743464,0.10575635876840696,0.24897959183673468,0.9086883068084717,2.092661142349243,3.2274091243743896,1494,735
31,Fn1,Itga8,0.8598459941766626,0.8329505028431793,0.026895491333483346,0.060240963855421686,0.16326530612244897,0.5039812922477722,1.3764744997024536,5.665269374847412,1494,735
32,Il4,Il2rg,0.6279372035204154,0.6011897555376358,0.026747447982779615,0.7161981258366801,0.891156462585034,6.6432318687438965,8.33948040008545,0.21229012310504913,1494,735
33,Vtn,Itga8,0.8659094869318323,0.8393839001754603,0.026525586756372066,0.060240963855421686,0.16326530612244897,0.5039812922477722,1.3764744997024536,0.20507098734378815,1494,735
34,Vwf,Itgav,0.7101499698780654,0.6840583345630631,0.02609163531500236,0.3828647925033467,0.508843537414966,3.3525912761688232,4.385475158691406,2.5189003944396973,1494,735
35,Spp1,Itga4,0.6810700490768309,0.658366084433917,0.02270396464291391,0.6532797858099063,0.6517006802721088,6.104095458984375,5.80769157409668,2.048954963684082,1494,735
36,Tnc,Itgb1,0.637122478612087,0.6147648288183781,0.02235764979370891,0.6572958500669344,0.8149659863945579,6.162197113037109,7.513216018676758,1.6642721891403198,1494,735
37,Tnc,Itgav,0.7078224538901973,0.6863744649252077,0.02144798896498956,0.3828647925033467,0.508843537414966,3.3525912761688232,4.385475158691406,1.6642721891403198,1494,735
38,Lama3,Itgb1,0.6471505177823078,0.626519317638984,0.020631200143323758,0.6572958500669344,0.8149659863945579,6.162197113037109,7.513216018676758,1.4434186220169067,1494,735
39,Vtn,Itgb1,0.6651076192753024,0.6449974809307242,0.0201101383445782,0.6572958500669344,0.8149659863945579,6.162197113037109,7.513216018676758,0.20507098734378815,1494,735
40,Cdh1,Itgb1,0.6381083980600558,0.6181429800930843,0.019965417966971488,0.6572958500669344,0.8149659863945579,6.162197113037109,7.513216018676758,3.2274091243743896,1494,735
41,Lamc3,Itgb1,0.6847243837938305,0.6660721102850776,0.01865227350875287,0.6572958500669344,0.8149659863945579,6.162197113037109,7.513216018676758,0.2575504779815674,1494,735
42,Lamc2,Itgb1,0.6392782115793707,0.6206863599799796,0.01859185159939114,0.6572958500669344,0.8149659863945579,6.162197113037109,7.513216018676758,2.041736364364624,1494,735
43,Vtn,Itgav,0.7314958229171349,0.7130018199421058,0.018494002975029122,0.3828647925033467,0.508843537414966,3.3525912761688232,4.385475158691406,0.20507098734378815,1494,735
44,Lama3,Itgav,0.7178907103079537,0.700232255900789,0.017658454407164736,0.3828647925033467,0.508843537414966,3.3525912761688232,4.385475158691406,1.4434186220169067,1494,735
45,Lamc2,Itgav,0.7113879874037552,0.6937697759696624,0.017618211434092812,0.3828647925033467,0.508843537414966,3.3525912761688232,4.385475158691406,2.041736364364624,1494,735
46,Lamc3,Itgav,0.7486563698895132,0.7350389526285659,0.01361741726094734,0.3828647925033467,0.508843537414966,3.3525912761688232,4.385475158691406,0.2575504779815674,1494,735
47,Lamc3,Itga1,0.832271414050317,0.8190276496565371,0.013243764393779944,0.12048192771084337,0.23265306122448978,1.0389522314071655,1.9791512489318848,0.2575504779815674,1494,735
48,Lama3,Itga1,0.8063131546235521,0.7930902887667077,0.013222865856844401,0.12048192771084337,0.23265306122448978,1.0389522314071655,1.9791512489318848,1.4434186220169067,1494,735
49,Calca,Calcrl,0.6738652048687135,0.6606462132968529,0.013218991571860572,0.4042838018741633,0.6979591836734694,3.6804020404815674,6.389792442321777,0.058110687881708145,1494,735
50,Spp1,Itgb5,0.797722266875263,0.7847038249225388,0.01301844195272428,0.14190093708165996,0.24081632653061225,1.2112069129943848,2.0058493614196777,2.048954963684082,1494,735
51,Cdh1,Itga1,0.8054278187308613,0.792629903861408,0.012797914869453364,0.12048192771084337,0.23265306122448978,1.0389522314071655,1.9791512489318848,3.2274091243743896,1494,735
52,Lamc2,Itga1,0.8024628201999562,0.7902784614747316,0.012184358725224609,0.12048192771084337,0.23265306122448978,1.0389522314071655,1.9791512489318848,2.041736364364624,1494,735
53,Icam2,Itgb2,0.6544667924515242,0.6422845771318197,0.012182215319704426,0.7014725568942436,0.7700680272108843,6.4725189208984375,6.965006351470947,2.6659114360809326,1494,735
54,Pdcd1lg2,Pdcd1,0.6910934232726605,0.6802765554809126,0.010816867791747953,0.31994645247657294,0.49523809523809526,2.8488211631774902,4.4150261878967285,0.5769128203392029,1494,735
55,Il7,Il7r,0.6593072371241855,0.6510405616168902,0.008266675507295318,0.4062918340026774,0.7510204081632653,3.715707778930664,6.877195835113525,0.25374677777290344,1494,735
56,Thy1,Itgb3,0.7152247911799818,0.7070224381040334,0.00820235307594841,0.16934404283801874,0.4489795918367347,1.4891140460968018,3.92649507522583,1.0864776372909546,1494,735
57,Icam2,Itgal,0.6470794034362469,0.6390089309160475,0.008070472520199434,0.7710843373493976,0.7387755102040816,7.292726993560791,6.598470687866211,2.6659114360809326,1494,735
58,Il10,Il10ra,0.7590156976141684,0.7516530712611668,0.007362626353001667,0.15930388219544847,0.48435374149659866,1.3753256797790527,4.191845893859863,0.036466892808675766,1494,735
59,Lama3,Itga3,0.7867504424434368,0.779894442824706,0.006855999618730846,0.14190093708165996,0.24897959183673468,1.2199097871780396,2.1170132160186768,1.4434186220169067,1494,735
60,Tgfb2,Tgfbr2,0.6403081972397711,0.633492322882269,0.006815874357502083,0.6894243641231593,0.763265306122449,6.4028801918029785,6.910649299621582,0.8607767820358276,1494,735
61,Lamb1,Itga1,0.7999405181503603,0.7940685474726668,0.0058719706776935165,0.12048192771084337,0.23265306122448978,1.0389522314071655,1.9791512489318848,1.9755010604858398,1494,735
62,Lamc3,Itga3,0.81890937923116,0.8133402743968453,0.00556910483431472,0.14190093708165996,0.24897959183673468,1.2199097871780396,2.1170132160186768,0.2575504779815674,1494,735
63,Lamc2,Itga3,0.7805621318399868,0.7752820933952881,0.005280038444698709,0.14190093708165996,0.24897959183673468,1.2199097871780396,2.1170132160186768,2.041736364364624,1494,735
64,Igf2,Itgav,0.7145551230983407,0.7095401444756402,0.0050149786227005055,0.3828647925033467,0.508843537414966,3.3525912761688232,4.385475158691406,0.17159707844257355,1494,735
65,Col4a1,Itgb1,0.6198792219113991,0.6152261763575204,0.0046530455538786875,0.6572958500669344,0.8149659863945579,6.162197113037109,7.513216018676758,7.091513156890869,1494,735
66,Lama1,Itga1,0.8054892452605695,0.8010668950838911,0.004422350176678469,0.12048192771084337,0.23265306122448978,1.0389522314071655,1.9791512489318848,0.16024239361286163,1494,735
67,Col4a1,Itga1,0.7954987393249948,0.7917012507061968,0.0037974886187980283,0.12048192771084337,0.23265306122448978,1.0389522314071655,1.9791512489318848,7.091513156890869,1494,735
68,Col1a1,Cd44,0.6196329044297525,0.615893926222168,0.003738978207584509,0.5836680053547524,0.8163265306122449,5.320945739746094,7.518880367279053,3.2534241676330566,1494,735
69,Lama2,Itga1,0.8029742367677847,0.7995290057342203,0.003445231033564422,0.12048192771084337,0.23265306122448978,1.0389522314071655,1.9791512489318848,1.2718786001205444,1494,735
70,Jam2,Itgav,0.6978446154073669,0.6944993485615532,0.0033452668458137103,0.3828647925033467,0.508843537414966,3.3525912761688232,4.385475158691406,2.008331060409546,1494,735
71,Lama1,Itgav,0.7187786977236731,0.7155466478752872,0.003232049848385876,0.3828647925033467,0.508843537414966,3.3525912761688232,4.385475158691406,0.16024239361286163,1494,735
72,Tnc,Itgb6,0.8389069181256882,0.8357174766123174,0.00318944151337075,0.07429718875502007,0.14421768707482993,0.6399940848350525,1.2168569564819336,1.6642721891403198,1494,735
73,Jam2,Itgb1,0.6257226213674132,0.6227338609330743,0.002988760434338933,0.6572958500669344,0.8149659863945579,6.162197113037109,7.513216018676758,2.008331060409546,1494,735
74,Col4a1,Itgav,0.6933085503435422,0.6903923914587659,0.0029161588847763653,0.3828647925033467,0.508843537414966,3.3525912761688232,4.385475158691406,7.091513156890869,1494,735
75,Lamb1,Itgb1,0.6191496938604889,0.6165394585261992,0.0026102353342897233,0.6572958500669344,0.8149659863945579,6.162197113037109,7.513216018676758,1.9755010604858398,1494,735
76,Dll3,Notch2,0.7776786611295085,0.7757540265365571,0.0019246345929513353,0.3253012048192771,0.54421768707483,2.832099199295044,4.692149639129639,0.01645168475806713,1494,735
77,Lama1,Itga3,0.7865563120661903,0.7848173705076065,0.0017389415585837842,0.14190093708165996,0.24897959183673468,1.2199097871780396,2.1170132160186768,0.16024239361286163,1494,735
78,Lama1,Itgb1,0.6517043893640748,0.6504384617524192,0.0012659276116556706,0.6572958500669344,0.8149659863945579,6.162197113037109,7.513216018676758,0.16024239361286163,1494,735
79,Icam1,Itgb2,0.62774643459532,0.6272654913762423,0.00048094321907765636,0.7014725568942436,0.7700680272108843,6.4725189208984375,6.965006351470947,4.34319543838501,1494,735
80,Spp1,Itga9,0.8524104788697432,0.8520887405623524,0.00032173830739079534,0.09036144578313253,0.11836734693877551,0.7534317970275879,0.9696364402770996,2.048954963684082,1494,735
81,Fn1,Itgb6,0.8400045024617815,0.8398244459033007,0.00018005655848074564,0.07429718875502007,0.14421768707482993,0.6399940848350525,1.2168569564819336,5.665269374847412,1494,735
82,Tslp,Crlf2,0.7861951486172422,0.7861048379998763,9.031061736586299e-05,0.17336010709504684,0.2571428571428571,1.4765143394470215,2.133744955062866,0.35599657893180847,1494,735
83,Lamb1,Itgav,0.6917298759323136,0.6918731493486319,-0.00014327341631825696,0.3828647925033467,0.508843537414966,3.3525912761688232,4.385475158691406,1.9755010604858398,1494,735
84,Spp1,Itgb6,0.8391410310052393,0.8393101794408447,-0.00016914843560544846,0.07429718875502007,0.14421768707482993,0.6399940848350525,1.2168569564819336,2.048954963684082,1494,735
85,Fn1,Itgb1,0.6074856856613786,0.6076555194381061,-0.00016983377672752376,0.6572958500669344,0.8149659863945579,6.162197113037109,7.513216018676758,5.665269374847412,1494,735
86,Spp1,Itga5,0.8452195454932063,0.8457171794094878,-0.0004976339162814369,0.0823293172690763,0.1346938775510204,0.7042641043663025,1.1225050687789917,2.048954963684082,1494,735
87,Itga9,Itgb1,0.6177995467585691,0.6184019555610185,-0.000602408802449439,0.6572958500669344,0.8149659863945579,6.162197113037109,7.513216018676758,2.0229880809783936,1494,735
88,Jam2,Itga3,0.7819713629019981,0.7835632415336701,-0.0015918786316719835,0.14190093708165996,0.24897959183673468,1.2199097871780396,2.1170132160186768,2.008331060409546,1494,735
89,Fn1,Itgav,0.6805196260523018,0.6825138769188699,-0.0019942508665681258,0.3828647925033467,0.508843537414966,3.3525912761688232,4.385475158691406,5.665269374847412,1494,735
90,Lama2,Itgb1,0.6224344628887852,0.624771530223111,-0.0023370673343258153,0.6572958500669344,0.8149659863945579,6.162197113037109,7.513216018676758,1.2718786001205444,1494,735
91,Icam1,Itgal,0.6212378750137996,0.6239416327537194,-0.002703757739919821,0.7710843373493976,0.7387755102040816,7.292726993560791,6.598470687866211,4.34319543838501,1494,735
92,Il9,Il9r,0.8511513979825056,0.8538923158784317,-0.0027409178959261205,0.16131191432396252,0.3782312925170068,1.386748194694519,3.203913450241089,0.008862395770847797,1494,735
93,Col4a1,Itga3,0.7757132019191006,0.7785881058672893,-0.0028749039481886784,0.14190093708165996,0.24897959183673468,1.2199097871780396,2.1170132160186768,7.091513156890869,1494,735
94,Calcb,Calcrl,0.7308499315543399,0.7337486749419319,-0.0028987433875919955,0.4042838018741633,0.6979591836734694,3.6804020404815674,6.389792442321777,0.02642304264008999,1494,735
95,Vtn,Itgb5,0.8022086458700103,0.805116543339637,-0.002907897469626719,0.14190093708165996,0.24081632653061225,1.2112069129943848,2.0058493614196777,0.20507098734378815,1494,735
96,Lamb1,Itga3,0.7804439689942942,0.7844247390694199,-0.00398077007512565,0.14190093708165996,0.24897959183673468,1.2199097871780396,2.1170132160186768,1.9755010604858398,1494,735
97,Fn1,Itga3,0.7718521731293947,0.7764231084553955,-0.004570935326000836,0.14190093708165996,0.24897959183673468,1.2199097871780396,2.1170132160186768,5.665269374847412,1494,735
98,Cd40lg,Itgb3,0.7118062208233029,0.7169201815233199,-0.005113960700017017,0.16934404283801874,0.4489795918367347,1.4891140460968018,3.92649507522583,0.2085462510585785,1494,735
99,Lama2,Itgav,0.6926728627208099,0.6979616148658521,-0.005288752145042208,0.3828647925033467,0.508843537414966,3.3525912761688232,4.385475158691406,1.2718786001205444,1494,735
100,Lama2,Itga3,0.7863883256384512,0.7922819663058633,-0.005893640667412159,0.14190093708165996,0.24897959183673468,1.2199097871780396,2.1170132160186768,1.2718786001205444,1494,735
101,Ccl4,Ccr5,0.8351243418685887,0.8416821653044658,-0.006557823435877075,0.07563587684069611,0.15510204081632653,0.6456659436225891,1.2980552911758423,0.1555214375257492,1494,735
102,Ccl3,Ccr5,0.8347233155012015,0.8422731418158451,-0.007549826314643626,0.07563587684069611,0.15510204081632653,0.6456659436225891,1.2980552911758423,0.26408442854881287,1494,735
103,Adm,Calcrl,0.6492077164649231,0.6571386329411781,-0.00793091647625499,0.4042838018741633,0.6979591836734694,3.6804020404815674,6.389792442321777,0.2734023332595825,1494,735
104,Cx3cl1,Cx3cr1,0.8624359158598313,0.8713684973179051,-0.008932581458073852,0.06224899598393574,0.10340136054421768,0.5318962335586548,0.8515694737434387,1.0838100910186768,1494,735
105,Lama3,Itga9,0.8484754067307343,0.8590554136767764,-0.010580006946042109,0.09036144578313253,0.11836734693877551,0.7534317970275879,0.9696364402770996,1.4434186220169067,1494,735
106,C3,Itgb2,0.6088952298188207,0.6199041731534654,-0.011008943334644639,0.7014725568942436,0.7700680272108843,6.4725189208984375,6.965006351470947,6.418166637420654,1494,735
107,F11r,Jam2,0.8393420558113696,0.8506015907693566,-0.011259534957987039,0.0749665327978581,0.1414965986394558,0.641891598701477,1.1704751253128052,4.302900314331055,1494,735
108,Lamc2,Itga9,0.8445191571542657,0.856728626290995,-0.012209469136729267,0.09036144578313253,0.11836734693877551,0.7534317970275879,0.9696364402770996,2.041736364364624,1494,735
109,Cdh5,Cdh5,0.7128434951309769,0.7256759840855271,-0.012832488954550247,0.23761713520749667,0.39319727891156464,2.119312286376953,3.459192991256714,5.267895221710205,1494,735
110,Col1a1,Itga1,0.789215246022003,0.8023138595189976,-0.013098613496994593,0.12048192771084337,0.23265306122448978,1.0389522314071655,1.9791512489318848,3.2534241676330566,1494,735
111,Fn1,Itga4,0.6272528580306805,0.6408445218884594,-0.01359166385777888,0.6532797858099063,0.6517006802721088,6.104095458984375,5.80769157409668,5.665269374847412,1494,735
112,Il7,Il2rg,0.6106956896096627,0.6242911585646873,-0.013595468955024614,0.7161981258366801,0.891156462585034,6.6432318687438965,8.33948040008545,0.25374677777290344,1494,735
113,Cdh1,Itgb7,0.663569143715789,0.6790994898158782,-0.015530346100089187,0.5120481927710844,0.5659863945578232,4.610322952270508,4.979338645935059,3.2274091243743896,1494,735
114,F11r,F11r,0.7853633286843703,0.8022382378151468,-0.016874909130776494,0.14190093708165996,0.2108843537414966,1.2172679901123047,1.7635257244110107,4.302900314331055,1494,735
115,Jam2,Jam2,0.8330627991189925,0.8501301315306256,-0.01706733241163305,0.0749665327978581,0.1414965986394558,0.641891598701477,1.1704751253128052,2.008331060409546,1494,735
116,Il9,Il2rg,0.7767780966347065,0.7942247848575374,-0.01744668822283091,0.7161981258366801,0.891156462585034,6.6432318687438965,8.33948040008545,0.008862395770847797,1494,735
117,Tnc,Itga9,0.8373390710994475,0.8549430825899708,-0.017604011490523264,0.09036144578313253,0.11836734693877551,0.7534317970275879,0.9696364402770996,1.6642721891403198,1494,735
118,Jam2,F11r,0.7859468746322184,0.803742947358005,-0.01779607272578665,0.14190093708165996,0.2108843537414966,1.2172679901123047,1.7635257244110107,2.008331060409546,1494,735
119,Tgfb1,Tgfbr2,0.6034866292202311,0.6214957075988373,-0.018009078378606214,0.6894243641231593,0.763265306122449,6.4028801918029785,6.910649299621582,4.899741172790527,1494,735
120,Dll4,Notch1,0.6914416541562555,0.7110022326889328,-0.019560578532677342,0.4350736278447122,0.4380952380952381,3.813051700592041,3.758457660675049,1.4849385023117065,1494,735
121,Fn1,Itga5,0.8238712059833877,0.845603435517695,-0.021732229534307312,0.0823293172690763,0.1346938775510204,0.7042641043663025,1.1225050687789917,5.665269374847412,1494,735
122,Lama1,Itga9,0.8391189438891573,0.8614036483539362,-0.022284704464778926,0.09036144578313253,0.11836734693877551,0.7534317970275879,0.9696364402770996,0.16024239361286163,1494,735
123,Cxcl12,Cxcr4,0.6513088502064411,0.6737453360007358,-0.02243648579429469,0.5240963855421686,0.5346938775510204,4.791128158569336,4.7406535148620605,4.319969177246094,1494,735
124,Cdh1,Itgae,0.8436332217376336,0.866163020655705,-0.022529798918071497,0.07429718875502007,0.12108843537414966,0.6628133058547974,1.053436040878296,3.2274091243743896,1494,735
125,Itga9,Vcam1,0.7766754122633936,0.8009262125956277,-0.024250800332234035,0.1746987951807229,0.2108843537414966,1.5155448913574219,1.7831857204437256,2.0229880809783936,1494,735
126,Col4a1,Itga9,0.8318888677041361,0.8562288555275331,-0.02433998782339708,0.09036144578313253,0.11836734693877551,0.7534317970275879,0.9696364402770996,7.091513156890869,1494,735
127,Il2,Il2rg,0.648377055884421,0.6727553249555237,-0.024378269071102743,0.7161981258366801,0.891156462585034,6.6432318687438965,8.33948040008545,0.03880273178219795,1494,735
128,Col1a1,Itga3,0.7679274169025281,0.7927718845964692,-0.024844467693941108,0.14190093708165996,0.24897959183673468,1.2199097871780396,2.1170132160186768,3.2534241676330566,1494,735
129,Itgb2,Icam1,0.7019897673935098,0.7270658528229423,-0.025076085429432515,0.23694779116465864,0.3673469387755102,2.060802698135376,3.144559860229492,3.785571813583374,1494,735
130,Ifng,Ifngr1,0.6785638669700428,0.70425630655279,-0.02569243958274725,0.4825970548862115,0.7047619047619048,4.327945232391357,6.325534343719482,0.0498739629983902,1494,735
131,Lamc3,Itga9,0.8532618399387326,0.8802673460764407,-0.027005506137708135,0.09036144578313253,0.11836734693877551,0.7534317970275879,0.9696364402770996,0.2575504779815674,1494,735
132,Lamb1,Itga9,0.8279072529898396,0.8574698417048593,-0.02956258871501971,0.09036144578313253,0.11836734693877551,0.7534317970275879,0.9696364402770996,1.9755010604858398,1494,735
133,Ccl5,Ccr5,0.8185952258907031,0.84885707933456,-0.0302618534438569,0.07563587684069611,0.15510204081632653,0.6456659436225891,1.2980552911758423,0.6094133257865906,1494,735
134,Dll1,Notch1,0.6850076525952581,0.7154452141308394,-0.030437561535581303,0.4350736278447122,0.4380952380952381,3.813051700592041,3.758457660675049,1.0893017053604126,1494,735
135,Jam3,Itgb2,0.6106075703132178,0.641713728527905,-0.031106158214687207,0.7014725568942436,0.7700680272108843,6.4725189208984375,6.965006351470947,0.3635479509830475,1494,735
136,Il22,Il10rb,0.7576347222512299,0.7893195392487665,-0.03168481699753667,0.2878179384203481,0.3795918367346939,2.4941964149475098,3.208721399307251,0.025666043162345886,1494,735
137,Jam3,Jam2,0.8232487219793101,0.8558006731321056,-0.03255195115279552,0.0749665327978581,0.1414965986394558,0.641891598701477,1.1704751253128052,0.3635479509830475,1494,735
138,Col1a1,Itgav,0.6586458002680258,0.6917315763686209,-0.033085776100595155,0.3828647925033467,0.508843537414966,3.3525912761688232,4.385475158691406,3.2534241676330566,1494,735
139,Jam3,F11r,0.7732303863080255,0.8077562193527621,-0.034525833044736554,0.14190093708165996,0.2108843537414966,1.2172679901123047,1.7635257244110107,0.3635479509830475,1494,735
140,Col1a1,Itgb1,0.5863585402283746,0.6209963453388893,-0.03463780511051462,0.6572958500669344,0.8149659863945579,6.162197113037109,7.513216018676758,3.2534241676330566,1494,735
141,Lama2,Itga9,0.8264219441989704,0.8621260578816972,-0.035704113682726746,0.09036144578313253,0.11836734693877551,0.7534317970275879,0.9696364402770996,1.2718786001205444,1494,735
142,Fn1,Itgb7,0.6331847253071955,0.6693536490140857,-0.03616892370689018,0.5120481927710844,0.5659863945578232,4.610322952270508,4.979338645935059,5.665269374847412,1494,735
143,Tgfb3,Tgfbr2,0.5912685912681228,0.6305399351886407,-0.0392713439205179,0.6894243641231593,0.763265306122449,6.4028801918029785,6.910649299621582,1.9078963994979858,1494,735
144,Pecam1,Pecam1,0.6598296653484317,0.7040133929102681,-0.04418372756183642,0.46251673360107093,0.44761904761904764,4.1540422439575195,3.904813051223755,5.400041103363037,1494,735
145,Il6,Il6st,0.6685904150375482,0.7135676208582975,-0.044977205820749266,0.5950468540829986,0.49523809523809526,5.429786682128906,4.284367084503174,0.08919306099414825,1494,735
146,Cd86,Ctla4,0.669381800664522,0.7164417559081381,-0.04705995524361606,0.2965194109772423,0.3904761904761905,2.6556804180145264,3.4753646850585938,0.9740771055221558,1494,735
147,Col1a1,Itga9,0.8096987053678563,0.8590350325337055,-0.049336327165849236,0.09036144578313253,0.11836734693877551,0.7534317970275879,0.9696364402770996,3.2534241676330566,1494,735
148,Dll3,Notch1,0.7412940919087113,0.7923570628789399,-0.051062970970228605,0.4350736278447122,0.4380952380952381,3.813051700592041,3.758457660675049,0.01645168475806713,1494,735
149,Il25,Il17ra,0.7681059364971073,0.822059764380045,-0.05395382788293768,0.3032128514056225,0.3034013605442177,2.637713670730591,2.5461881160736084,0.02267233282327652,1494,735
150,H2-Ab1,Cd4,0.5834791278860442,0.63854552372454,-0.05506639583849582,0.715528781793842,0.7061224489795919,6.7079854011535645,6.425713062286377,6.461980819702148,1494,735
151,Ifng,Ifngr2,0.7391863040381214,0.7976156888245121,-0.0584293847863907,0.2617135207496653,0.3115646258503401,2.261052131652832,2.614295244216919,0.0498739629983902,1494,735
152,Icam1,Itgax,0.7487695068414731,0.8088052347380621,-0.06003572789658895,0.17336010709504684,0.2,1.523453712463379,1.7085133790969849,4.34319543838501,1494,735
153,Itga4,Itgb1,0.5541146176520939,0.6157518849947335,-0.061637267342639634,0.6572958500669344,0.8149659863945579,6.162197113037109,7.513216018676758,2.56325364112854,1494,735
154,Lamc3,Itga6,0.7579429940685835,0.8230216071909299,-0.06507861312234642,0.24832663989290496,0.2108843537414966,2.1624348163604736,1.761507511138916,0.2575504779815674,1494,735
155,C3,Itgax,0.7442693524288345,0.8094684908046129,-0.0651991383757784,0.17336010709504684,0.2,1.523453712463379,1.7085133790969849,6.418166637420654,1494,735
156,Tgfb2,Tgfbr1,0.727820584395766,0.793231724763338,-0.06541114036757201,0.28112449799196787,0.24625850340136055,2.445789098739624,2.0549888610839844,0.8607767820358276,1494,735
157,Itga4,Vcam1,0.7238662256084865,0.7938350281083038,-0.0699688024998173,0.1746987951807229,0.2108843537414966,1.5155448913574219,1.7831857204437256,2.56325364112854,1494,735
158,Lamc2,Itga6,0.731533538313481,0.8046063181208839,-0.0730727798074029,0.24832663989290496,0.2108843537414966,2.1624348163604736,1.761507511138916,2.041736364364624,1494,735
159,Lama1,Itga6,0.7342957754852182,0.8080597338968989,-0.07376395841168071,0.24832663989290496,0.2108843537414966,2.1624348163604736,1.761507511138916,0.16024239361286163,1494,735
160,Lama3,Itga6,0.7359620679335043,0.8099473971163278,-0.07398532918282352,0.24832663989290496,0.2108843537414966,2.1624348163604736,1.761507511138916,1.4434186220169067,1494,735
161,Cd80,Ctla4,0.6495608237073827,0.7269726925439922,-0.07741186883660955,0.2965194109772423,0.3904761904761905,2.6556804180145264,3.4753646850585938,0.3400360643863678,1494,735
162,Il10,Il10rb,0.7017945357248222,0.7811019764740301,-0.07930744074920792,0.2878179384203481,0.3795918367346939,2.4941964149475098,3.208721399307251,0.036466892808675766,1494,735
163,Cd40lg,Itga5,0.7757930891891207,0.8577496916848731,-0.08195660249575243,0.0823293172690763,0.1346938775510204,0.7042641043663025,1.1225050687789917,0.2085462510585785,1494,735
164,Reln,Itga3,0.7692729193425346,0.8513385833070631,-0.08206566396452852,0.14190093708165996,0.24897959183673468,1.2199097871780396,2.1170132160186768,0.2381298989057541,1494,735
165,Sell,Cd34,0.7098341027007566,0.7921268847574661,-0.08229278205670942,0.18005354752342703,0.2585034013605442,1.567202091217041,2.1927828788757324,0.9868013262748718,1494,735
166,Thy1,Itgav,0.6101281431550488,0.6928466179806887,-0.08271847482563988,0.3828647925033467,0.508843537414966,3.3525912761688232,4.385475158691406,1.0864776372909546,1494,735
167,H2-DMb2,Cd4,0.5606110729662217,0.6435803691983261,-0.08296929623210436,0.715528781793842,0.7061224489795919,6.7079854011535645,6.425713062286377,3.118966579437256,1494,735
168,Igf2,Itga6,0.7301430611745753,0.8141087153005725,-0.08396565412599721,0.24832663989290496,0.2108843537414966,2.1624348163604736,1.761507511138916,0.17159707844257355,1494,735
169,Tgfb1,Tgfbr1,0.6966268261412941,0.7816020096429405,-0.08497518350164635,0.28112449799196787,0.24625850340136055,2.445789098739624,2.0549888610839844,4.899741172790527,1494,735
170,Icosl,Ctla4,0.6395779064088655,0.727368330149204,-0.08779042374033852,0.2965194109772423,0.3904761904761905,2.6556804180145264,3.4753646850585938,1.5611708164215088,1494,735
171,Itga4,Itgb7,0.584113073172244,0.6720715285865585,-0.08795845541431446,0.5120481927710844,0.5659863945578232,4.610322952270508,4.979338645935059,2.56325364112854,1494,735
172,Itgb2,Icam2,0.7241546529254277,0.8148786835511191,-0.09072403062569145,0.19143239625167335,0.17142857142857143,1.6346549987792969,1.4407963752746582,3.785571813583374,1494,735
173,Lamb1,Itga6,0.7151122061781969,0.8066043030179343,-0.09149209683973736,0.24832663989290496,0.2108843537414966,2.1624348163604736,1.761507511138916,1.9755010604858398,1494,735
174,Il18,Il18r1,0.698532203271022,0.7905128677178574,-0.0919806644468355,0.4457831325301205,0.26258503401360545,4.086243629455566,2.277177572250366,0.7288833856582642,1494,735
175,Thy1,Itgb2,0.5382698204606629,0.6330889189644316,-0.0948190985037688,0.7014725568942436,0.7700680272108843,6.4725189208984375,6.965006351470947,1.0864776372909546,1494,735
176,Cd70,Cd27,0.7814686202926472,0.8766173218693956,-0.09514870157674837,0.3908969210174029,0.19183673469387755,3.473543167114258,1.637872338294983,0.010414738208055496,1494,735
177,Tgfb3,Tgfbr1,0.6950283189898805,0.7910125270201335,-0.09598420803025298,0.28112449799196787,0.24625850340136055,2.445789098739624,2.0549888610839844,1.9078963994979858,1494,735
178,Lama2,Itga6,0.7148979748887957,0.8118905118063678,-0.09699253691757215,0.24832663989290496,0.2108843537414966,2.1624348163604736,1.761507511138916,1.2718786001205444,1494,735
179,Icosl,Icos,0.6012366864105626,0.6989071102664761,-0.09767042385591351,0.4344042838018742,0.508843537414966,3.893899917602539,4.447556495666504,1.5611708164215088,1494,735
180,Madcam1,Itga4,0.6842456661100497,0.7828542216019626,-0.09860855549191294,0.6532797858099063,0.6517006802721088,6.104095458984375,5.80769157409668,0.015501964837312698,1494,735
181,Madcam1,Itgb7,0.6928490501235998,0.79528753307025,-0.10243848294665026,0.5120481927710844,0.5659863945578232,4.610322952270508,4.979338645935059,0.015501964837312698,1494,735
182,Il15,Il2rb,0.6593068551096348,0.7671877551625463,-0.10788090005291151,0.45314591700133866,0.3034013605442177,4.117067337036133,2.6047205924987793,0.5906714200973511,1494,735
183,Il2,Il2rb,0.6805929781771426,0.79242784904675,-0.11183487086960742,0.45314591700133866,0.3034013605442177,4.117067337036133,2.6047205924987793,0.03880273178219795,1494,735
184,Il17f,Il17ra,0.6836924548964641,0.7964650811735655,-0.11277262627710138,0.3032128514056225,0.3034013605442177,2.637713670730591,2.5461881160736084,0.057830534875392914,1494,735
185,Cd40lg,Itgb1,0.5173140459096693,0.63401901950752,-0.1167049735978507,0.6572958500669344,0.8149659863945579,6.162197113037109,7.513216018676758,0.2085462510585785,1494,735
186,Thy1,Itgax,0.7017375270692989,0.8193396020839797,-0.11760207501468078,0.17336010709504684,0.2,1.523453712463379,1.7085133790969849,1.0864776372909546,1494,735
187,Il17a,Il17ra,0.6777018505712749,0.7956711396411027,-0.11796928906982784,0.3032128514056225,0.3034013605442177,2.637713670730591,2.5461881160736084,0.09669100493192673,1494,735
188,Cd80,Cd274,0.7488202000964078,0.8684106658574177,-0.11959046576100985,0.1392235609103079,0.11972789115646258,1.1996872425079346,0.9986701607704163,0.3400360643863678,1494,735
189,Il21,Il2rg,0.5438718539264337,0.6656260851140702,-0.12175423118763651,0.7161981258366801,0.891156462585034,6.6432318687438965,8.33948040008545,0.057126712054014206,1494,735
190,Itgb2,Cd226,0.6832129014789173,0.8109014749951937,-0.12768857351627638,0.2971887550200803,0.18503401360544217,2.5955822467803955,1.579656720161438,3.785571813583374,1494,735
191,Cd40lg,Itgb2,0.5153222373591223,0.646101890213758,-0.13077965285463566,0.7014725568942436,0.7700680272108843,6.4725189208984375,6.965006351470947,0.2085462510585785,1494,735
192,Reln,Itgb1,0.5844421409726039,0.7191378691032717,-0.13469572813066777,0.6572958500669344,0.8149659863945579,6.162197113037109,7.513216018676758,0.2381298989057541,1494,735
193,Ccl5,Ccr4,0.718111383177788,0.8535667409270874,-0.1354553577492994,0.2744310575635877,0.13877551020408163,2.4332191944122314,1.1738923788070679,0.6094133257865906,1494,735
194,Cd86,Cd28,0.6065436447318736,0.7524730034714193,-0.1459293587395457,0.5990629183400268,0.3238095238095238,5.450109481811523,2.80491304397583,0.9740771055221558,1494,735
195,Cd80,Cd28,0.5889866801496023,0.7568098689697276,-0.16782318882012526,0.5990629183400268,0.3238095238095238,5.450109481811523,2.80491304397583,0.3400360643863678,1494,735
196,Cxcl10,Cxcr3,0.7633475078399916,0.9536950257195836,-0.19034751787959203,0.17670682730923695,0.021768707482993196,1.5541406869888306,0.17997726798057556,0.2894594967365265,1494,735
197,Icosl,Cd28,0.5653932413146641,0.7614320401501613,-0.19603879883549724,0.5990629183400268,0.3238095238095238,5.450109481811523,2.80491304397583,1.5611708164215088,1494,735
198,Cxcl9,Cxcr3,0.747469470279953,0.9450249928532858,-0.19755552257333275,0.17670682730923695,0.021768707482993196,1.5541406869888306,0.17997726798057556,0.39779457449913025,1494,735
199,Il21,Il21r,0.6786713333205928,0.8887422448392529,-0.2100709115186601,0.21954484605087016,0.08571428571428572,1.8904168605804443,0.7085781097412109,0.057126712054014206,1494,735
200,Cxcl13,Cxcr3,0.7003362646085798,0.9512276132848329,-0.25089134867625307,0.17670682730923695,0.021768707482993196,1.5541406869888306,0.17997726798057556,0.5008298754692078,1494,735
201,Ccl21a,Ccr7,0.6938024015241725,0.9676642962920048,-0.2738618947678323,0.20214190093708165,0.021768707482993196,1.7761784791946411,0.18907006084918976,0.519371509552002,1494,735
202,Ccl19,Ccr7,0.6780868868836543,0.9605998274960358,-0.2825129406123815,0.20214190093708165,0.021768707482993196,1.7761784791946411,0.18907006084918976,0.42578524351119995,1494,735
203,Cxcl13,Cxcr5,0.6397243372310475,0.95337026359077,-0.31364592635972255,0.32663989290495316,0.014965986394557823,2.8821725845336914,0.12488473951816559,0.5008298754692078,1494,735
204,Ccl20,Ccr6,0.5977175214383247,0.9233055570452521,-0.3255880356069274,0.34002677376171353,0.02585034013605442,3.0904088020324707,0.21912820637226105,0.11632438004016876,1494,735
